Factory Name,Factory Type,Product Type,"Nike, Inc. Brand(s)",Supplier Group,City,State,Postal Code,Country/Region,Region,Total Workers,Line Workers,% Female Workers,% Migrant Workers
"A & K DESIGNS, INC.",FINISHED GOODS,APPAREL,NIKE,A & K DESIGNS,PORTLAND,OREGON,97220,United States of America,AMERICAS,130,90,71.00%,0.00%
"ACODE SPORTING GOODS CO., LTD",FINISHED GOODS,EQUIPMENT,NIKE,NO GROUP (EQ),VIETNAM,BÌNH DUONG,82617,Vietnam,SE ASIA,289,233,1.00%,0.40%
ADORA FOOTWEAR LIMITED,FINISHED GOODS,FOOTWEAR,Converse,HUALI,NINH BINH PROVINCE,NINH BÌNH,8000,Vietnam,SE ASIA,9056,8806,88.00%,0.00%
AJARA 1,FINISHED GOODS,APPAREL,NIKE,MILTEKS,KOBULETI,AJARIA,6200,Georgia,EMEA,1061,820,99.00%,0.00%
AJARA TEXTILE LTD,FINISHED GOODS,APPAREL,NIKE,MILTEKS,POTI,SAMEGRELO-ZEMO SVA,4400,Georgia,EMEA,1351,1111,96.00%,0.00%
"ALL WELLS INTERNATIONAL CO., LTD.",FINISHED GOODS,FOOTWEAR,NIKE,SPORTS GEAR,PHU MY,BÀ RA - VUNG TÀU,790000,Vietnam,SE ASIA,3273,2495,83.00%,0.00%
ALMAXTEX TEKSTIL SANAYI VE TICARET A.S.,FINISHED GOODS - COMPONENTS,APPAREL,NIKE,YESIM,BURSA,BURSA,16580,Turkey,EMEA,3199,2234,55.00%,0.10%
ANDBRAVA SRL,FINISHED GOODS,EQUIPMENT,Converse,NO GROUP (EQ),SAN MARTIN,BUENOS AIRES,B1650,Argentina,AMERICAS,7,5,1.00%,20.00%
ANHUI COSMO SPORTING GOODS COMPANY LIMITED,FINISHED GOODS,EQUIPMENT,NIKE,ANHUI COSMO,LU'AN CITY,ANHUI,237321,China,N ASIA,360,308,91.00%,0.00%
ANIGER CALCADOS SUPRIMENTOS E EMPREENDIMENTOS LTDA,FINISHED GOODS,FOOTWEAR,NIKE,ANIGER,CAMPO BOM – RS,RIO GRANDE DO SUL,93700-000,Brazil,AMERICAS,372,41,60.00%,0.00%
ANNIC II S.A.,FINISHED GOODS,APPAREL,NIKE,GILDAN,MASATEPE,MANAGUA,0,Nicaragua,AMERICAS,3564,3276,49.00%,0.20%
"ANNORA VIETNAM  FOOTWEAR CO.,LTD",FINISHED GOODS,FOOTWEAR,NIKE,HUALI,NGHI SON TOWNSHIP,THANH HÓA,450000,Vietnam,SE ASIA,19958,19009,87.00%,0.00%
ARTFX CONCORD,FINISHED GOODS,APPAREL,NIKE,TEGRA,CONCORD,NORTH CAROLINA,28025,United States of America,AMERICAS,113,103,52.00%,0.00%
ARTFX INC,FINISHED GOODS,APPAREL,NIKE,TEGRA,NORFOLK,VIRGINIA,23502,United States of America,AMERICAS,534,496,35.00%,7.70%
ASENA 3 TEXTIL S.R.L.,FINISHED GOODS,APPAREL,NIKE,YESIM,CEADIR LUNGA,,7401,Moldova,EMEA,352,270,91.00%,0.00%
ASENA 4,FINISHED GOODS,APPAREL,NIKE,YESIM,"KONGAZ,COMRAT",GAGAUZIA-- UNITATE,3819,Moldova,EMEA,798,580,94.00%,0.00%
ASENA TEXTILE,FINISHED GOODS,APPAREL,NIKE,YESIM,KAZAYAK,GAGAUZIA-- UNITATE,6113,Moldova,EMEA,214,135,99.00%,0.00%
"ATOMS., INC",FINISHED GOODS,EQUIPMENT,NIKE,NO GROUP (EQ),SAKURAI,NARA,6330067,Japan,N ASIA,2,1,0.00%,0.00%
AURORA INDUSTRIAL VIETNAM FOOTWEAR,FINISHED GOODS,FOOTWEAR,Converse,HUALI,HAI PHONG,HAI PHONG,180000,Vietnam,SE ASIA,7261,6528,85.00%,0.00%
AVERY DENNISON RIS HONDURAS S DE R,FINISHED GOODS - COMPONENTS,APPAREL,NIKE,AVERY DENNISON,VILLANUEVA,CORTÉS,504,Honduras,AMERICAS,956,777,37.00%,0.10%
BADGE PROMOTIONS BV,FINISHED GOODS,APPAREL,NIKE,EUROCAP,WOERDEN,UTRECHT,3442 AC,Netherlands,EMEA,13,12,35.00%,25.00%
BAIKSAN CO. LTD.,MATERIALS,MATERIALS,NIKE,BAIKSAN,SIHEUNG-SI,BUSAN,0,South Korea,N ASIA,,,0.00%,0.00%
BAIKSAN INDONESIA,MATERIALS,MATERIALS,NIKE,BAIKSAN,TANGERANG,BANTEN,15710,Indonesia,S ASIA,,,0.00%,0.00%
BAIKSAN VIETNAM,MATERIALS,MATERIALS,NIKE,BAIKSAN,HUYEN TAN UYEN & BEN CAT,BINH DUONG,0,Vietnam,SE ASIA,,,0.00%,0.00%
"BC GRAPHICS, INC",FINISHED GOODS,APPAREL,NIKE,BC GRAPHICS,BEAVERTON,OREGON,97005,United States of America,AMERICAS,28,25,65.00%,0.00%
"BERRY APPAREL CAMBODIA CO., LTD.",FINISHED GOODS,APPAREL,NIKE,TAI WAH,PHNOM PENH,PHNOM PENH,12405,Cambodia,SE ASIA,3145,3000,91.00%,0.00%
BIG GAME SPORTS,FINISHED GOODS,APPAREL,NIKE,NO GROUP (AP),DALLAS,TEXAS,75244,United States of America,AMERICAS,46,34,26.00%,0.00%
BLUE STAR GRAPHICS,FINISHED GOODS,APPAREL,NIKE,BLUE STAR,FRISCO,TEXAS,75034,United States of America,AMERICAS,53,48,73.00%,0.00%
BODYLINE PRIVATE LIMITED - BALANGODA,FINISHED GOODS,APPAREL,NIKE,MAS HOLDINGS,BALANGODA,,70100,Sri Lanka,S ASIA,1096,772,85.00%,0.00%
BODYLINE PRIVATE LIMITED III,FINISHED GOODS,APPAREL,NIKE,MAS HOLDINGS,AGALAWATTA,RATNAPURA,12200,Sri Lanka,S ASIA,958,645,98.00%,0.00%
BODYLINE PVT LIMITED,FINISHED GOODS,APPAREL,NIKE,MAS HOLDINGS,HORANA,KALUTARA,12400,Sri Lanka,S ASIA,4666,3305,78.00%,0.00%
BODYLINE PVT LIMITED BPL II,FINISHED GOODS,APPAREL,NIKE,MAS HOLDINGS,AGALAWATTA,RATNAPURA,12200,Sri Lanka,S ASIA,2256,1875,86.00%,0.00%
"BOU JIN YANGZHOU GARMENTS CO., LTD",FINISHED GOODS,APPAREL,NIKE,TIEN POU,YANGZHOU,JIANGSU,225000,China,N ASIA,838,525,81.00%,0.00%
"BRANCH OF THUAN PHUONG EMBROIDERIES GARMENTS CO., LTD- M.D.K FACTORY",FINISHED GOODS,APPAREL,NIKE,NO GROUP (AP),HO CHI MINH CITY,HO CHI MINH,70000,Vietnam,SE ASIA,1162,891,78.00%,0.00%
BRANCH OF THUAN PHUONG EMBROIDERIES GARMENTS COMPANY LIMITED - THUAN PHUONG LONG AN FACTORY,FINISHED GOODS,APPAREL,NIKE,THUAN PHUONG,CAN DUON,LONG AN,,Vietnam,SE ASIA,1464,652,67.00%,0.00%
BRANDIX APPAREL SOLUTION LTD - ESSENTIALS,FINISHED GOODS,APPAREL,NIKE,NO GROUP (AP),BATTICALOA,BATTICALOA,30000,Sri Lanka,S ASIA,4204,3972,92.00%,0.00%
BRANDIX APPAREL SOLUTION LTD - ESSENTIALS KOGGALA,FINISHED GOODS,APPAREL,NIKE,NO GROUP (AP),HABARADUWA,GALLE,80630,Sri Lanka,S ASIA,1538,1412,76.00%,0.00%
BUMCHANG DOORI,FINISHED GOODS,EQUIPMENT,NIKE,BUMCHANG DOORI,SUNGNAM-SI,GYEONGGIDO,461-182,South Korea,N ASIA,12,10,45.00%,0.00%
"C&K VINA CO.,LTD",FINISHED GOODS,FOOTWEAR,NIKE,TAEKWANG,CHON THAN DISTRICT,BÌNH PHUC,83000,Vietnam,SE ASIA,1804,1650,86.00%,0.00%
"C&W EMBROIDERY, INC.",FINISHED GOODS,APPAREL,NIKE,C&W,RIENZI,MISSISSIPPI,38865,United States of America,AMERICAS,119,100,80.00%,0.00%
C.C. CREATIONS,FINISHED GOODS,APPAREL,NIKE,NO GROUP (AP),BRYAN,TEXAS,77803,United States of America,AMERICAS,136,112,55.00%,0.00%
CALCETINES DE EXPORTACION SAN JOSE S.A. DE C.V,FINISHED GOODS,APPAREL,Converse,NO GROUP (AP),COLONIA BUGAMBILIAS,PUEBLA,72580,Mexico,AMERICAS,13,11,1.00%,9.10%
"CAN SPORTS VIETNAM CO., LTD",FINISHED GOODS,FOOTWEAR,NIKE,SPORTS GEAR,DUONG MINH CHAU DISTRICT,TÂY NINH,730000,Vietnam,SE ASIA,7809,6128,75.00%,0.00%
"CCH TOP VN CO., LTD.",FINISHED GOODS,APPAREL,NIKE,CHUAN CHENG,HO CHI MINH,HO CHI MINH,7000,Vietnam,SE ASIA,2144,2067,85.00%,58.40%
CHANG SHIN INDONESIA,FINISHED GOODS,FOOTWEAR,NIKE,CHANGSHIN,KARAWANG,JAWA BARAT,41371,Indonesia,S ASIA,16271,15445,87.00%,0.30%
"CHANG SHIN VIETNAM CO., LTD",FINISHED GOODS,FOOTWEAR,NIKE,CHANGSHIN,LONG THANH DISTRICT,ÐNG NAI,,Vietnam,SE ASIA,5690,5565,93.00%,0.00%
"CHANG SHIN VIETNAM COMPANY, LTD.",FINISHED GOODS,FOOTWEAR,NIKE,CHANGSHIN,DONG NAI,ÐNG NAI,76000,Vietnam,SE ASIA,26853,25413,80.00%,54.50%
"CHANG WONG INDUSTRIAL CO., LTD.",FINISHED GOODS,EQUIPMENT,NIKE,NO GROUP (EQ),TAICHUNG CITY,TAICHUNG,42084,Taiwan,N ASIA,23,14,42.00%,0.00%
CHANGSHIN INC.,FINISHED GOODS,FOOTWEAR,NIKE,CHANGSHIN,BUSAN,BUSAN GWANGYEOGSI,604-030,South Korea,N ASIA,957,318,52.00%,0.00%
"CHENG HORNG INDUSTRIAL CO., LTD.",MATERIALS,MATERIALS,NIKE,LITTLE KING INDUSTRIES CO. LTD.,TAOYUAN,KAO-HSIUNG,324,Taiwan,N ASIA,,,0.00%,0.00%
"CHONGQING SUMEC CHANGJIANG GARMENT CO.,LTD",FINISHED GOODS,APPAREL,NIKE,NO GROUP (AP),CHONGQING,CHONGQING,404000,China,N ASIA,227,192,85.00%,0.00%
"CHUAN CHENG HAT CO., LTD.",FINISHED GOODS,APPAREL,NIKE,CHUAN CHENG,TAICHUNG,KAOHSIUNG,428,Taiwan,N ASIA,131,113,82.00%,16.80%
"CHUZHOU KORRUN FUTURE LUGGAGE PRODUCTS CO., LTD",FINISHED GOODS,EQUIPMENT,NIKE,FORMOSA,CHUZHOU,ANHUI,239000,China,N ASIA,575,450,85.00%,0.00%
COCALQUI COOPERATIVA DE TRABALHO DA INDÚSTRIA DE CALÇADOS DE QUIXERAMOBIM,FINISHED GOODS,FOOTWEAR,NIKE,ANIGER,QUIXERAMOBIM,CEARÁ,63800-000,Brazil,AMERICAS,3876,3765,55.00%,0.00%
COLLITEX S.R.L.,FINISHED GOODS - COMPONENTS,APPAREL,NIKE,AVERY DENNISON,ANCARANO,TERAMO,64010,Italy,EMEA,406,289,47.00%,1.40%
"COLLTEX GARMENT MFY CO., LTD.(VN)",FINISHED GOODS,APPAREL,NIKE,ECLAT,TRANG BANG,TÂY NINH,843440,Vietnam,SE ASIA,2206,1879,92.00%,0.00%
CONG TIEN GARMENT JOINT STOCK COMPANY,FINISHED GOODS,APPAREL,NIKE,SOUTH ISLAND,GO CONG,TIN GIANG,84,Vietnam,SE ASIA,1930,1605,84.00%,0.00%
CONG TY TNHH MAY MAC PREMIER GLOBAL VIETNAM,FINISHED GOODS,APPAREL,NIKE,NICE APPAREL,TINH BINH DUONG,BÌNH DUONG,82000,Vietnam,SE ASIA,2032,1000,77.00%,2.80%
COOPERATIVA TEXTIL SEUCA LTDA.,FINISHED GOODS,APPAREL,Converse,NO GROUP (AP),GUAYMALLEN,MENDOZA,M5521,Argentina,AMERICAS,21,20,1.00%,5.00%
COOPERSHOES - COOPERATIVA DE TRABALHO E INDUSTRIA DE CALÇADOS JOANETENSE LTDA (PICADA CAFÉ),FINISHED GOODS,FOOTWEAR,"NIKE, Converse",COOPERSHOES,PICADA CAFE,RIO GRANDE DO SUL,95175-000,Brazil,AMERICAS,2022,1954,55.00%,0.00%
COOPERSHOES - COOPERATIVA DE TRABALHO E INDUSTRIA DE CALCADOS JOANETENSE LTDA GARIBALDI,FINISHED GOODS,FOOTWEAR,Converse,NO GROUP (FW),GARIBALDI,RIO GRANDE DO SUL,95720-000,Brazil,AMERICAS,116,111,90.00%,0.00%
COOPERSHOES - COOPERATIVA DE TRABALHO E INDUSTRIA DE CALCADOS JOANETENSE LTDA LAS FLORES,FINISHED GOODS,FOOTWEAR,Converse,COOPERSHOES,LAS FLORES,BUENOS AIRES,7200,Argentina,AMERICAS,115,106,42.00%,4.70%
COOPERSHOES (MORADA NOVA),FINISHED GOODS,FOOTWEAR,Converse,COOPERSHOES,MORADA NOVA,CEARÁ,62940-000,Brazil,AMERICAS,2792,2607,53.00%,0.00%
CORPORACION INDYKNIT S.A.,FINISHED GOODS,APPAREL,NIKE,INDIANA KNITWEAR,VILLA NUEVA,GUATEMALA,1064,Guatemala,AMERICAS,2337,1925,60.00%,0.00%
DAEHWA LEATHER LESTARI,MATERIALS,MATERIALS,NIKE,DAEHWA,BEKASI,JAWA BARAT,17550,Indonesia,S ASIA,,,0.00%,0.00%
DAH JENG EMBROIDERY,FINISHED GOODS,APPAREL,NIKE,NO GROUP (AP),NEW TAIPEI,NEW TAIPEI,247,Taiwan,N ASIA,97,49,83.00%,51.00%
"DAQIAN TEXTILE CAMBODIA CO., LTD",FINISHED GOODS,APPAREL,NIKE,NINGBO,PHNOM PENH,PHNOM PENH,12101,Cambodia,SE ASIA,5369,5085,95.00%,97.10%
DASS ELDORADO SRL,FINISHED GOODS,FOOTWEAR,NIKE,DASS,ELDORADO,MISIONES,3380,Argentina,AMERICAS,1066,837,64.00%,4.20%
DASS NORDESTE CALÇADOS E ARTIGOS ESPORTIVOS LTDA (IVOTI),FINISHED GOODS,FOOTWEAR,NIKE,DASS,IVOTI,RIO GRANDE DO SUL,93900-000,Brazil,AMERICAS,39,20,90.00%,0.00%
DASS NORDESTE CALCADOS E ARTIGOS ESPORTIVOS LTDA (VITORIA DA CONQUISTA),FINISHED GOODS,APPAREL,NIKE,CLASSICO,VITORIA DA CONQUISTA,BAHIA,45023 -490,Brazil,AMERICAS,1871,917,72.00%,0.00%
DASS NORDESTE CALCADOS E ARTIGOS ESPORTIVOS LTDA (SANTO ESTEVAO),FINISHED GOODS,FOOTWEAR,NIKE,DASS,SANTO ESTEVAO,BAHIA,44190-000,Brazil,AMERICAS,2972,2610,68.00%,0.00%
DASS NORDESTE CALCADOS E ARTIGOS ESPORTIVOS LTDA 2 (VITORIA DA CONQUISTA),FINISHED GOODS - COMPONENTS,FOOTWEAR,NIKE,DASS,VITORIA DA CONQUISTA,BAHIA,45023-490,Brazil,AMERICAS,2068,1281,34.00%,0.00%
DASS SUL CALCADOS E ARTIGOS ESPORTIVOS LTDA,FINISHED GOODS,APPAREL,NIKE,CLASSICO,SAUDADES,SANTA CATARINA,89868-000,Brazil,AMERICAS,762,582,60.00%,19.10%
DEAN SHOES VIETNAM,FINISHED GOODS,FOOTWEAR,NIKE,DEAN SHOES,HO CHI MINH CITY,HO CHI MINH,70000,Vietnam,SE ASIA,14602,12985,93.00%,0.00%
"DECOTEX INTERNATIONAL, LDTA DE C.V.",FINISHED GOODS,APPAREL,NIKE,TEGRA,CIUDAD ARCE,LA LIBERTAD,Zona 13,El Salvador,AMERICAS,1464,1464,54.00%,0.00%
DELTA ALFA CORAP VE TEKSTIL SANAYI A.S.,FINISHED GOODS,EQUIPMENT,NIKE,DELTA,DUZCE,DÜZCE,,Turkey,EMEA,520,355,58.00%,0.00%
DELTA GALIL INDUSTRIES LTD EGYPT,FINISHED GOODS,APPAREL,NIKE,DELTA,EL-MINYA,AI MINUFIYAH,61784,Egypt,EMEA,1042,790,95.00%,0.00%
DELTA GALIL VIETNAM CO.LTD.,FINISHED GOODS,APPAREL,NIKE,DELTA,BINH DINH,BÌNH ÐNH,82000,Vietnam,SE ASIA,1961,1489,76.00%,0.00%
DELTA SOCKS LTD.,FINISHED GOODS,EQUIPMENT,NIKE,DELTA,KARMIEL,H_EFA,20100,Israel,EMEA,240,21,57.00%,0.00%
DELTA TEXTILE BULGARIA LTD.,FINISHED GOODS,EQUIPMENT,NIKE,DELTA,ROUSSE,RUSE,7009,Bulgaria,EMEA,487,342,78.00%,0.30%
DER WILL S.A.,FINISHED GOODS,APPAREL,NIKE,DER WILL,BUENOS AIRES,BUENOS AIRES,1614,Argentina,AMERICAS,143,130,65.00%,24.60%
DEWHIRST CAMBODIA,FINISHED GOODS,APPAREL,NIKE,DEWHIRST,PHNOM PENH,KANDAAL,,Cambodia,SE ASIA,2565,2125,82.00%,0.00%
DIAMANT SRL,FINISHED GOODS,FOOTWEAR,NIKE,DIAMANT,SORGA,VERONA,37060,Italy,EMEA,313,199,60.00%,15.60%
DIAMANT SRL #2,FINISHED GOODS,FOOTWEAR,NIKE,DIAMANT,MONTEBELLUNA,VENETO,31044,Italy,EMEA,57,49,75.00%,8.20%
DOMINAE SRL,FINISHED GOODS,APPAREL,Converse,DOMINAE,DOSSON DI CASIER,TREVISO,31030,Italy,EMEA,14,13,80.00%,7.70%
DONA ORIENT VIETNAM,FINISHED GOODS,FOOTWEAR,NIKE,FENG TAY,DONG NAI,ÐNG NAI,76000,Vietnam,SE ASIA,11126,8925,70.00%,0.00%
"DONA PACIFIC VIETNAM CO., LTD.",FINISHED GOODS,FOOTWEAR,NIKE,FENG TAY,DONG NAI,ÐNG NAI,84061,Vietnam,SE ASIA,10488,8592,60.00%,0.10%
"DONA STANDARD FOOTWEAR CO., LTD",FINISHED GOODS,FOOTWEAR,NIKE,FENG TAY,DONG NAI,ÐNG NAI,76000,Vietnam,SE ASIA,16124,13990,68.00%,0.00%
"DONA VICTOR FOOTWEAR CO., LTD",FINISHED GOODS,FOOTWEAR,NIKE,FENG TAY,TRANG BOM DISTRICT,ÐNG NAI,084-061,Vietnam,SE ASIA,9765,8225,68.00%,0.00%
"DONG GUAN GOLDENPRENE SPORTING GOODS CO., LTD.",FINISHED GOODS,EQUIPMENT,NIKE,GUANG DER,"LIAOBU TOWN, DONGGUAN",GUANGDONG,523405,China,N ASIA,1161,878,59.00%,0.00%
DONG GUAN LIEN HONG BAGS & SPORTS ACCESSORIES LTD.,FINISHED GOODS,EQUIPMENT,NIKE,NO GROUP (EQ),DONG GUAN,GUANGDONG,523128,China,N ASIA,133,115,50.00%,0.00%
DONG GUAN NEW PROSPERITY OPTICAL MFY LTD. CHANG AN BRANCH,FINISHED GOODS,EQUIPMENT,NIKE,NO GROUP (EQ),DONGGUAN,GUANGDONG,523879,China,N ASIA,93,78,60.00%,0.00%
"DONG GUAN STELLA FOOTWEAR CO., LTD.",FINISHED GOODS,FOOTWEAR,NIKE,STELLA,DONGGUAN,GUANGDONG,523835,China,N ASIA,326,85,60.00%,0.00%
DONGGUAN UNITED CREATION OPTICAL LIMITED,FINISHED GOODS,EQUIPMENT,NIKE,UNITED,DONGGUAN,GUANGDONG,523642,China,N ASIA,264,214,46.00%,0.00%
"DONGGUAN YE JI INDUSTRIAL CO., LTD.",FINISHED GOODS,APPAREL,NIKE,CRYSTAL,DONGGUAN CITY,GUANGDONG,523570,China,N ASIA,787,573,60.00%,0.00%
"DONGGUAN YOUKAI INDUSTRIAL CO., LTD",FINISHED GOODS,EQUIPMENT,NIKE,NO GROUP (EQ),DONGGUAN,GUANGDONG,523000,China,N ASIA,14,12,25.00%,0.00%
"DONG-JIN TEXTILE CO., LTD.",MATERIALS,MATERIALS,NIKE,DONG JIN,BIEN HOA,DONG NAI PROVINCE,0,Vietnam,SE ASIA,,,0.00%,0.00%
DONGJIN TEXTILE DYEING HOUSE,FINISHED GOODS - COMPONENTS,FOOTWEAR,NIKE,NO GROUP (FW),"SA-HA GU, BUSAN",BUSAN GWANGYEOGSI,49432,South Korea,N ASIA,41,36,17.00%,16.70%
"DONGUAN LEE FONG LABEL MANUFACTURE CO., LTD",FINISHED GOODS - COMPONENTS,APPAREL,NIKE,LEE BOU LABEL ENTERPRISE,DONGGUAN CITY,GUANGDONG,,China,N ASIA,660,558,65.00%,0.00%
DRAGON CROWD GARMENT INC.,FINISHED GOODS,APPAREL,NIKE,DRAGON CROWD,NINGBO,ZHEJIANG,315000,China,N ASIA,199,159,51.00%,0.00%
DUCKSAN YANBEOL RI,FINISHED GOODS - COMPONENTS,FOOTWEAR,NIKE,DUCKSAN,GYEONGGI-DO,,12774,South Korea,N ASIA,24,21,41.00%,14.30%
EAGLE NICE JINGMEN GARMENTS CO LTD,FINISHED GOODS,APPAREL,NIKE,EAGLE NICE,JINGMEN,HUBEI,43100,China,N ASIA,1990,1125,77.00%,0.00%
"EAGLE NICE YIFENG GARMENTS CO., LTD",FINISHED GOODS,APPAREL,NIKE,EAGLE NICE,YIFENG,JIANGXI,EAG01,China,N ASIA,2188,1589,95.00%,0.00%
EAST WIND FOOTWEAR CO LTD,FINISHED GOODS,FOOTWEAR,NIKE,FENG TAY,TAMIL NADU,TAMIL NADU,631701,India,S ASIA,6198,6160,68.00%,0.10%
"ECLAT TEXTILE CO., LTD",MATERIALS,MATERIALS,NIKE,"ECLAT TEXTILE CO., LTD.",TAOYUAN CITY,T'AI-WAN,337,Taiwan,N ASIA,,,0.00%,0.00%
"ECLAT TEXTILE CO., LTD VN",FINISHED GOODS,APPAREL,NIKE,ECLAT,DONG NAI,ÐNG NAI,81,Vietnam,SE ASIA,5500,5106,90.00%,0.00%
EL BARON,FINISHED GOODS,APPAREL,NIKE,TEGRA,SAN PEDRO SULA,CORTÉS,,Honduras,AMERICAS,3328,920,52.00%,1.00%
"ELITE INVESTMENT WORLDWIDE CO., LTD",FINISHED GOODS,APPAREL,NIKE,TUNG MUNG,HO CHI MINH,HO CHI MINH,700000,Vietnam,SE ASIA,1681,1563,67.00%,0.00%
ELTA COMPANY LIMITED,FINISHED GOODS,APPAREL,NIKE,ELTA,BANGKOK,BANGKOK,10520,Thailand,SE ASIA,245,196,77.00%,0.00%
"E-TOP (VIETNAM) CO.,LTD",FINISHED GOODS,APPAREL,NIKE,ECLAT,BA RIA-VUNG TAU,BÀ RA - VUNG TÀU,795600,Vietnam,SE ASIA,3732,3439,96.00%,0.00%
EVER TECH,FINISHED GOODS - COMPONENTS,FOOTWEAR,NIKE,NO GROUP (FW),TAN UYEN DISTRICT,BÌNH DUONG,84,Vietnam,SE ASIA,674,593,42.00%,0.00%
EVEREST TEXTILE,MATERIALS,MATERIALS,NIKE,EVEREST,TAINAN CITY,T'AI-WAN,74342,Taiwan,N ASIA,,,0.00%,0.00%
EVEREST TEXTILE CHINA,MATERIALS,MATERIALS,NIKE,EVEREST,SHANGHAI,SHANGHAI,201419,China,N ASIA,,,0.00%,0.00%
"EVEREST TEXTILE CO., LTD. ",MATERIALS,MATERIALS,NIKE,EVEREST,RATCHABURI,CENTRAL,70110,Thailand,SE ASIA,,,0.00%,0.00%
EVERGREEN APPAREL MFG.,FINISHED GOODS,APPAREL,NIKE,YY & ASSOCIATES,HILLSBORO,OREGON,97124,United States of America,AMERICAS,24,20,70.00%,0.00%
FA.IS.A. D.O.O.,FINISHED GOODS,EQUIPMENT,NIKE,NO GROUP (EQ),NOVIGRAD,,52466,Croatia,EMEA,43,40,90.00%,2.50%
FAIRWAY ENTERPRISES COMPANY LTD (FENG TAY),FINISHED GOODS,FOOTWEAR,NIKE,FENG TAY,KRISHNAGIRI,TAMIL NADU,635304,India,S ASIA,6424,5921,55.00%,0.10%
FAR EASTERN,FINISHED GOODS - COMPONENTS,APPAREL,NIKE,FAR EASTERN,TAOYUAN,TAOYUAN,328,Taiwan,N ASIA,1,1,1.00%,100.00%
FAR EASTERN APPARAL SUZHOU LTD. CO,FINISHED GOODS,APPAREL,NIKE,FAR EASTERN,SUZHOU,JIANGSU,215128,China,N ASIA,1019,686,92.00%,0.00%
FAR EASTERN APPAREL (VIETNAM) LIMITED,FINISHED GOODS,APPAREL,NIKE,FAR EASTERN,THUAN AN,BÌNH DUONG,75000,Vietnam,SE ASIA,3385,3213,83.00%,0.70%
FAR EASTERN APPAREL LIMITED VIETNAM,FINISHED GOODS,APPAREL,NIKE,FAR EASTERN,BINH DUONG,BÌNH DUONG,750000,Vietnam,SE ASIA,1089,817,76.00%,0.00%
FAR EASTERN NEW APPAREL (VIETNAM) LTD (MDC),FINISHED GOODS,APPAREL,NIKE,FAR EASTERN,BINH PHUOC,BÌNH PHUC,830000,Vietnam,SE ASIA,2986,2138,74.00%,0.00%
"FASHION GARMENTS 2 CO., LTD - UNIT 1",FINISHED GOODS,APPAREL,NIKE,NO GROUP (AP),BIEN HOA,ÐNG NAI,810000,Vietnam,SE ASIA,368,348,87.00%,0.00%
"FASHION GARMENTS 2 CO., LTD - XUAN TAY",FINISHED GOODS,APPAREL,NIKE,NO GROUP (AP),XUAN TAY,ÐNG NAI,810000,Vietnam,SE ASIA,560,534,85.00%,0.00%
"FASHION GARMENTS LTD., UNIT 2",FINISHED GOODS,APPAREL,NIKE,NO GROUP (AP),BIEN HOA,ÐNG NAI,810000,Vietnam,SE ASIA,1612,1523,85.00%,0.00%
FE NEW CENTURY INDUSTRY (SINGAPORE) PTE LTD,FINISHED GOODS - COMPONENTS,APPAREL,NIKE,FAR EASTERN,SUZHOU,JIANGSU,215128,China,N ASIA,1,1,1.00%,100.00%
"FENG TAY ENTERPRISE CO., LTD",FINISHED GOODS,FOOTWEAR,NIKE,FENG TAY,DOU LIOU,YUNLIN,640,Taiwan,N ASIA,1873,352,50.00%,0.00%
FIBRAN CIA. LTDA.,FINISHED GOODS,APPAREL,NIKE,NO GROUP (AP),QUITO,PICHINCHA,,Ecuador,AMERICAS,738,664,61.00%,0.20%
FITA TEKSTIL KONF.LTD.STI,FINISHED GOODS,APPAREL,NIKE,YESIM,BURSA,BURSA,16100,Turkey,EMEA,438,407,75.00%,0.00%
"FJORD, LTD.",FINISHED GOODS,APPAREL,NIKE,TEGRA,WOODBURN,OREGON,97071,United States of America,AMERICAS,116,78,88.00%,0.00%
FOOTMARK CAMBODIA CORPORATION,FINISHED GOODS,APPAREL,NIKE,FOOTMARK,PHNOM PENH,KANDAAL,,Cambodia,SE ASIA,160,150,70.00%,0.00%
"FORMOSA TAFFETA CO., LTD",MATERIALS,MATERIALS,NIKE,FORMOSA TAFFETA (FTC),TOULIU,,640,Taiwan,N ASIA,,,0.00%,0.00%
"FORMOSA TAFFETA CO., LTD (CHINA)",MATERIALS,MATERIALS,NIKE,FORMOSA TAFFETA (FTC),CHANGSHU,JIANGSU,215500,China,N ASIA,,,0.00%,0.00%
"FORMOSA TAFFETA, CO LTD VIETNAM",MATERIALS,MATERIALS,NIKE,FORMOSA TAFFETA (FTC),BEN LUC,LONG AN,NA,Vietnam,SE ASIA,,,0.00%,0.00%
FRAMAS KOREA,FINISHED GOODS - COMPONENTS,FOOTWEAR,NIKE,NO GROUP (FW),ASAN,CHOONGNAM,336-875,South Korea,N ASIA,46,,20.00%,0.00%
"FRAMAS KOREA VINA CO., LTD",FINISHED GOODS - COMPONENTS,FOOTWEAR,NIKE,NO GROUP (FW),DONG NAI,ÐNG NAI,815300,Vietnam,SE ASIA,965,805,40.00%,0.00%
FREETREND VN INDUSTRIAL CO.LTD.,FINISHED GOODS,FOOTWEAR,NIKE,DEAN SHOES,HO CHI MINH,HO CHI MINH,70000,Vietnam,SE ASIA,17560,16446,87.00%,0.00%
FRONTLINE IMAGE LIMITED,FINISHED GOODS,APPAREL,NIKE,NO GROUP (AP),PLYMOUTH,ENGLAND,PL6 7FH,United Kingdom,EMEA,79,62,43.00%,8.10%
FUJIAN FYNEX GARMENT LIMITED LIABILITY COMPANY - XIAMEN BRANCH,FINISHED GOODS,APPAREL,NIKE,NO GROUP (AP),XIAMEN,FUJIAN,361100,China,N ASIA,78,43,37.00%,0.00%
"FUJIAN LIFENG FOOTWEAR CO., LTD.",FINISHED GOODS,FOOTWEAR,NIKE,FENG TAY,PUTIAN,FUJIAN,351119,China,N ASIA,3799,3499,76.00%,0.00%
"FUJIAN SAN FENG FOOTWEAR CO.,LTD",FINISHED GOODS,FOOTWEAR,NIKE,FENG TAY,FUZHOU,FUJIAN,350018,China,N ASIA,3203,2736,78.00%,0.00%
"FUJIAN XIEFENG FOOTWEAR CO.,LTD.",FINISHED GOODS,FOOTWEAR,NIKE,FENG TAY,PUTIAN,FUJIAN,351131,China,N ASIA,4596,4235,76.00%,0.00%
"FU-LUH SHOES CO., LTD",FINISHED GOODS,FOOTWEAR,NIKE,CHINGLUH,LONG AN,LONG AN,82500,Vietnam,SE ASIA,12190,10867,73.00%,0.00%
"FUTURE GARMENT CO., LTD.",FINISHED GOODS,APPAREL,NIKE,NO GROUP (AP),BANGKOK,BANGKOK,10120,Thailand,SE ASIA,449,426,65.00%,73.00%
GAIN LUCKY,MATERIALS,MATERIALS,NIKE,NINGBO,PHUOC DONG,TAY NINH,n/a,Vietnam,SE ASIA,,,0.00%,0.00%
GB LIGHT (KOREA),MATERIALS,MATERIALS,NIKE,GB LIGHT,BUSAN,BUSAN,618-820,South Korea,N ASIA,,,0.00%,0.00%
GB LIGHT (VIETNAM),MATERIALS,MATERIALS,NIKE,GB LIGHT,THU DAU MOT,BINH DUONG,0,Vietnam,SE ASIA,,,0.00%,0.00%
GERMTON INDUSTRIAL COMPANY LTD.,FINISHED GOODS,APPAREL,"NIKE, Converse",GERMTON,HUONG AN COMMUNE,QUNG NAM,560000,Vietnam,SE ASIA,2806,2472,85.00%,0.60%
GIANEL SHOES SRL,FINISHED GOODS,FOOTWEAR,NIKE,GIANEL,CASARANO,LECCE,73042,Italy,EMEA,121,118,69.00%,5.90%
GILDAN ACTIVEWEAR SAN MIGUEL S.A.,FINISHED GOODS,APPAREL,NIKE,GILDAN,CHOLOMA,CORTÉS,0,Honduras,AMERICAS,5770,5091,59.00%,0.00%
GILDAN APPAREL USA INC. (VILLANUEVA),FINISHED GOODS,APPAREL,NIKE,GILDAN,VILLANUEVA,CORTÉS,0,Honduras,AMERICAS,5665,4969,54.00%,0.00%
GILDAN HOSIERY RIO NANCE S DE R.L. RN4,FINISHED GOODS,EQUIPMENT,NIKE,GILDAN,CHOLOMA,YORO,0,Honduras,AMERICAS,1958,1957,21.00%,0.20%
GKOGKAS LAMPROS,FINISHED GOODS,APPAREL,NIKE,GKOGKAS LAMPROS,ATHENS,EVVOIA,13341,Greece,EMEA,12,8,38.00%,37.50%
"GLOBAL SALES AND WAREHOUSING, LLC",FINISHED GOODS,EQUIPMENT,NIKE,NO GROUP (AP),OXNARD,CALIFORNIA,93030,United States of America,AMERICAS,36,30,43.00%,66.70%
GOLD LONG JOHN CHINA,MATERIALS,MATERIALS,NIKE,GOLD LONG JOHN,ZHONGSHAN,GUANGDONG,528400,China,N ASIA,,,0.00%,0.00%
"GREEN TG CO., LTD",FINISHED GOODS,APPAREL,NIKE,NO GROUP (AP),CHAU THANH DISTRICT,TIN GIANG,84000,Vietnam,SE ASIA,927,791,85.00%,1.10%
"GREEN VINA CO., LTD.",FINISHED GOODS,APPAREL,NIKE,GREEN TEXTILES,THUAN AN,BÌNH DUONG,590000,Vietnam,SE ASIA,1761,1594,82.00%,0.00%
"GREENTECH HEADGEAR CO., LTD",FINISHED GOODS,APPAREL,NIKE,ASIAN SOURCING HEADWEAR,NHON TRACH,ÐNG NAI,810000,Vietnam,SE ASIA,1680,1400,80.00%,0.00%
"GUANG YANG SPORTING CO., LTD",FINISHED GOODS,EQUIPMENT,NIKE,SHOETOWN,QING YUAN,GUANGDONG,511800,China,N ASIA,608,430,91.00%,0.00%
GUARDLAB INC,FINISHED GOODS,EQUIPMENT,NIKE,NO GROUP (EQ),FARMINGDALE,NEW YORK,11735,United States of America,AMERICAS,8,5,38.00%,0.00%
H&H SCREENING & GRAPHICS INC.,FINISHED GOODS,APPAREL,NIKE,NO GROUP (AP),VISTA,CALIFORNIA,92081,United States of America,AMERICAS,27,23,55.00%,0.00%
"H&L APPAREL(VIETNAM) CO.,LTD",FINISHED GOODS,APPAREL,NIKE,NO GROUP (AP),BEN CAT DISTRICT,BÌNH DUONG,590000,Vietnam,SE ASIA,850,700,90.00%,0.00%
HA NOI GARMENT NO. 40 JOINT STOCK COMPANY,FINISHED GOODS,APPAREL,NIKE,MAXPORT,HA NOI CITY,HA NOI,80000,Vietnam,SE ASIA,316,85,84.00%,0.00%
"HAIYAN GOLDEN GATE SOCKS INDUSTRY CO., LTD",FINISHED GOODS,EQUIPMENT,Converse,NO GROUP (EQ),HAIYAN,ZHEJIANG,314300,China,N ASIA,91,72,78.00%,0.00%
HAPCO SCREEN PRINTING,FINISHED GOODS,APPAREL,Converse,NO GROUP (AP),"EMMAUS,",PENNSYLVANIA,18049,United States of America,AMERICAS,27,21,58.00%,0.00%
HAYAFUJI,FINISHED GOODS,FOOTWEAR,NIKE,HAYAFUJI,KYOTO-SHI,KYOTO,603-8487,Japan,N ASIA,5,4,40.00%,0.00%
"HB SPORTS - NEW HOLLAND LINGERIE DE HONDURAS, S.A.",FINISHED GOODS - COMPONENTS,APPAREL,NIKE,TEGRA,SAN PEDRO SULA,CORTÉS,CA,Honduras,AMERICAS,1594,1064,60.00%,0.60%
HESHAN TOP EAGLE GARMENT LTD,FINISHED GOODS,APPAREL,NIKE,NICE APPAREL,HESHAN,GUANGDONG,529727,China,N ASIA,780,395,80.00%,24.60%
"HI TECH APPAREL CAMBODIA CO., LTD",FINISHED GOODS,APPAREL,NIKE,HI TECH,POIPET CITY,BANTEAY MEAN CHEY,0,Cambodia,SE ASIA,4224,3894,57.00%,0.90%
"HI TECH APPAREL CO LTD, BRANCH 70",FINISHED GOODS,APPAREL,NIKE,HI TECH,BANGKRU,,10130,Thailand,SE ASIA,1165,1111,62.00%,74.50%
HI TECH APPAREL SURIN BRANCH,FINISHED GOODS,APPAREL,NIKE,HI TECH,THATOOM,,32120,Thailand,SE ASIA,799,576,72.00%,20.00%
HIGUCHI KABAN KOBO,FINISHED GOODS,EQUIPMENT,NIKE,CROSTER,SAITAMA,SAITAMA,332-0011,Japan,N ASIA,26,24,66.00%,4.20%
HIT SUPHANBURI,FINISHED GOODS,APPAREL,NIKE,HI TECH,SUPHANBURI,SUPHAN BURI,72000,Thailand,SE ASIA,525,350,65.00%,0.00%
HI-TECH APPAREL CO. LTD.SOI91,FINISHED GOODS,APPAREL,NIKE,HI TECH,BANGKOK,CHON BURI,10140,Thailand,SE ASIA,1165,674,76.00%,43.50%
"HI-TECH CHAIYAPHUM APPAREL 2011 CO.,LTD.",FINISHED GOODS,APPAREL,NIKE,HI TECH,MUANG,CHAIYAPHUM,36000,Thailand,SE ASIA,1245,892,67.00%,29.10%
"HI-TECH CHAIYAPHUM APPAREL CO.,LTD.",FINISHED GOODS,APPAREL,NIKE,HI TECH,MUANG,CHAIYAPHUM,36000,Thailand,SE ASIA,617,556,70.00%,46.80%
"HI-TECH VIET NAM APPAREL CO.,LTD.",FINISHED GOODS,APPAREL,NIKE,HI TECH,DUY XUYEN DISTRICT,QUNG NAM,560000,Vietnam,SE ASIA,1458,1306,84.00%,0.00%
HONG SENG KNITTING COMPANY LIMITED.,FINISHED GOODS,APPAREL,NIKE,HONG SENG,RATHJABURANA,CHON BURI,10140,Thailand,SE ASIA,2234,2079,55.00%,79.00%
HONG SENG THAI-VINA COMPANY LIMITED,FINISHED GOODS,APPAREL,NIKE,HONG SENG,DUC HOA DISTRICT,LONG AN,850000,Vietnam,SE ASIA,807,556,80.00%,1.80%
"HONG SHENG LEATHER DONGGUAN IND. CO., LTD",FINISHED GOODS,EQUIPMENT,NIKE,GUANG DER,DONG GUAN,GUANGDONG,523121,China,N ASIA,476,331,69.00%,0.00%
HONSIN APPAREL SDN. BHD.,FINISHED GOODS,APPAREL,NIKE,HONSIN,BATU PAHAT,JOHOR,83000,Malaysia,S ASIA,1054,809,38.00%,110.00%
HONWAYS APPAREL SHUYANG LIMITED,FINISHED GOODS,APPAREL,NIKE,HONSIN,JIANGSU PROVINCE,JIANGSU,223600,China,N ASIA,1243,765,86.00%,0.00%
"HOOSIER MANUFACTURING, COMPANIA LIMITADA",FINISHED GOODS,APPAREL,NIKE,INDIANA KNITWEAR,GUATEMALA,GUATEMALA,1012,Guatemala,AMERICAS,392,375,56.00%,0.00%
HUA FENG (CHINA),FINISHED GOODS - COMPONENTS,FOOTWEAR,NIKE,HUA FENG TEXTILE,PUTIAN,FUJIAN,0,China,N ASIA,0,0,0.00%,0.00%
HUAFENG HAPTIC,FINISHED GOODS - COMPONENTS,FOOTWEAR,NIKE,HUA FENG TEXTILE,PUTIAN,FUJIAN,351164,China,N ASIA,92,74,55.00%,0.00%
HUAIAN YUANGTONG HEADWEAR MFG CO LTD,FINISHED GOODS,APPAREL,NIKE,ASIAN SOURCING HEADWEAR,HUAI AN,JIANGSU,223400,China,N ASIA,786,658,80.00%,0.00%
HUBEI TOP EAGLE GARMENT LTD.,FINISHED GOODS,APPAREL,NIKE,NICE APPAREL,SONGZI HUBEI,HUBEI,434200,China,N ASIA,731,405,94.00%,0.50%
"HUIZHOU YANGMING INDUSTRIAL CO., LTD.",FINISHED GOODS,EQUIPMENT,Converse,NO GROUP (EQ),HUIZHOU,GUANGDONG,516001,China,N ASIA,78,48,1.00%,2.10%
HUNG LONG GARMENT AND SERVICE JOINT STOCK COMPANY,FINISHED GOODS,APPAREL,NIKE,NO GROUP (AP),HUNG YEN,HUNG YÊN,70000,Vietnam,SE ASIA,2570,2370,70.00%,0.00%
IDEA STAMPA S.R.L. UNIPERSONALE,FINISHED GOODS,APPAREL,NIKE,NO GROUP (AP),MEOLO,VENEZIA,30020,Italy,EMEA,29,19,73.00%,0.00%
IMPRESSIONS CASEE INC.,FINISHED GOODS,APPAREL,NIKE,NO GROUP (AP),MONTREAL,QUEBEC,H2N 2B7,Canada,AMERICAS,4,3,25.00%,0.00%
INJEXTECH INC.,FINISHED GOODS,EQUIPMENT,NIKE,NO GROUP (EQ),TAINAN,,71755,Taiwan,N ASIA,178,169,44.00%,23.70%
INOVA TEXTILES S.A. DE C.V.,FINISHED GOODS,APPAREL,Converse,NO GROUP (AP),JILOTEPEC,MÉXICO,54240,Mexico,AMERICAS,366,351,65.00%,0.00%
INTERLOOP LIMITED,FINISHED GOODS,EQUIPMENT,NIKE,INTERLOOP,FAISALABAD,PUNJAB,37660,Pakistan,S ASIA,8035,6378,5.00%,0.00%
IRUNA COMUNICACION TEXTIL - SERISUR,FINISHED GOODS,APPAREL,NIKE,IRUNA,CHAUCHINA-GRANADA,ANDALUCÍA,18330,Spain,EMEA,14,10,57.00%,0.00%
ITW SPORTS BRANDING ENPING,FINISHED GOODS - COMPONENTS,APPAREL,NIKE,ITW GRAPHICS ASIA,ENPING,GUANGDONG,,China,N ASIA,164,135,64.00%,0.00%
JADE APPAREL INDUSTRIES,FINISHED GOODS,APPAREL,NIKE,YESIM,ALEXANDRIA / BORG EL ARAB,AI ISKANDARIYAH,21933,Egypt,EMEA,577,391,26.00%,2.60%
JADE APPAREL INDUSTRIES SAE,FINISHED GOODS,APPAREL,NIKE,YESIM,ALEXANDRIA,BENDER,21934,Moldova,EMEA,1191,496,35.00%,7.70%
JADE LONG JOHN,MATERIALS,MATERIALS,NIKE,GOLD LONG JOHN,CHANGHUA,SHE-TOU SHANG,510,Taiwan,N ASIA,,,0.00%,0.00%
JADE TEXTILE EGYPT,FINISHED GOODS,APPAREL,NIKE,YESIM,10TH OF RAMADAN CITY,ASH SHARQIYAH,0,Egypt,EMEA,2540,1850,29.00%,15.90%
JADE TEXTILE ISMAILIA S.A.E,FINISHED GOODS - COMPONENTS,APPAREL,NIKE,YESIM,ISMAILIA,AI ISMA ILIYAH,41611,Egypt,EMEA,1133,624,24.00%,2.40%
"JAPAN POLYMARK CO., LTD",FINISHED GOODS,EQUIPMENT,NIKE,NO SUPPLIER GROUP,FUKUI-CITY FUKUI,FUKUI,910-3607,Japan,N ASIA,152,105,61.00%,7.60%
JASAN SOCKS,FINISHED GOODS,APPAREL,NIKE,NO GROUP (AP),VIETNAM,HAI PHONG,0,Vietnam,SE ASIA,2895,2780,75.00%,0.00%
"JIANGSU ASIAN SOURCING HEADWEAR MFG. CO., LTD",FINISHED GOODS,APPAREL,NIKE,ASIAN SOURCING HEADWEAR,HUAI AN,JIANGSU,223005,China,N ASIA,1130,1016,87.00%,0.00%
"JIANGSU HONGBAO SPORTING GOODS CO., LTD.",FINISHED GOODS,EQUIPMENT,NIKE,YEGIN,HUAIAN,JIANGSU,223400,China,N ASIA,382,267,80.00%,0.00%
"JIANGSU JINHUBAO GARMENT CO., LTD",FINISHED GOODS,APPAREL,Converse,DÉCOR,YANGZHOU,JIANGSU,225106,China,N ASIA,192,187,79.00%,0.00%
"JIANGXI GUANGYOU SHOETOWN FOOTWEAR CO., LTD.",FINISHED GOODS,FOOTWEAR,NIKE,SHOETOWN,NANCHANG,JIANGXI,330201,China,N ASIA,2711,1815,82.00%,0.00%
"JIANSHAN BENHUI PRINTING CO., LTD",FINISHED GOODS,APPAREL,NIKE,JIASHAN BENHUI,JIAXING,ZHEJIANG,314113,China,N ASIA,21,14,42.00%,0.00%
"JIAXING KANAAN BAG R&D CO.,LTD",FINISHED GOODS,EQUIPMENT,NIKE,KANAAN,JIAXIANG,ZHEJIANG,314002,China,N ASIA,134,61,81.00%,0.00%
"JIAXING QUANG VIET GARMENT CO., LTD.",FINISHED GOODS,APPAREL,NIKE,QUANG VIET,PING HU,ZHEJIANG,314211,China,N ASIA,1969,1692,51.00%,0.00%
"JINING YONGJIN SHOES CO., LTD.",FINISHED GOODS - COMPONENTS,FOOTWEAR,NIKE,TAEKWANG,JI NING CITY,SHANDONG,272500,China,N ASIA,1420,1404,98.00%,0.00%
JK GARMENTS PVT LTD,FINISHED GOODS,APPAREL,NIKE,HONSIN,KURUNEGALA,KURUNEGALA,60500,Sri Lanka,S ASIA,1070,775,90.00%,0.00%
JSI,FINISHED GOODS - COMPONENTS,FOOTWEAR,NIKE,TAEKWANG,BUSAN,,600-011,South Korea,N ASIA,640,374,22.00%,0.30%
JSI VINA CORPORATION,MATERIALS,MATERIALS,NIKE,TAEKWANG,GÒ D?U,TAY NINH,0,Vietnam,SE ASIA,,,0.00%,0.00%
KAGAWA FACTORY,FINISHED GOODS,EQUIPMENT,NIKE,LES GANT,KAGAWA,KAGAWA,761-0613,Japan,N ASIA,68,16,53.00%,0.00%
"KIM'S EMBROIDERY, INC.",FINISHED GOODS,APPAREL,NIKE,KIMS EMBROIDERY,PORTLAND,OREGON,97223,United States of America,AMERICAS,7,5,80.00%,0.00%
"KING RAY YENG INDUSTRIAL CO., LTD",FINISHED GOODS,EQUIPMENT,NIKE,NO GROUP (EQ),CHANGHWA,CHANGHUA,50071,Taiwan,N ASIA,225,180,52.00%,33.30%
"KITAI CO., LTD",FINISHED GOODS,APPAREL,NIKE,KITAI,KASHIBA,NARA,639-0241,Japan,N ASIA,53,48,55.00%,0.00%
"KKN APPAREL CO., LTD",FINISHED GOODS,APPAREL,NIKE,NICE APPAREL,NEANG KOK VILLAGE,KAOH KONG,0,Cambodia,SE ASIA,7284,6791,54.00%,1.50%
"K-L MFG. CO., INC.",FINISHED GOODS,APPAREL,NIKE,K & L MANUFACTURING,SPOKANE,WASHINGTON,99207,United States of America,AMERICAS,124,118,62.00%,0.00%
"KUNSHAN SABRINA CLOTHES MAKING CO., LTD.",FINISHED GOODS,APPAREL,NIKE,SABRINA,KUNSHAN,JIANGSU,215331,China,N ASIA,946,848,72.00%,0.00%
KUO YUEN (CHINA),MATERIALS,MATERIALS,NIKE,KUO YUEN,DONGGUAN,GUANGDONG,523000,China,N ASIA,,,0.00%,0.00%
KUO YUEN (VIETNAM),MATERIALS,MATERIALS,NIKE,KUO YUEN,NHON TRACH DISTRICT,DONG NAI,0,Vietnam,SE ASIA,,,0.00%,0.00%
"KWAN TAT VIETNAM CO., LTD",FINISHED GOODS,APPAREL,NIKE,TUNG MUNG,BÌNH D??NG,BÌNH DUONG,75211,Vietnam,SE ASIA,90,68,83.00%,10.30%
LATITUDES,FINISHED GOODS,APPAREL,NIKE,TEGRA,PORTLAND,OREGON,97211,United States of America,AMERICAS,60,42,57.00%,90.50%
LEADING STAR VIETNAM GARMENT COMPANY LIMITED,FINISHED GOODS,APPAREL,"NIKE, Converse",LEADING STAR,THUAN AN CITY,BÌNH DUONG,820000,Vietnam,SE ASIA,2837,2236,77.00%,0.00%
LEAGUE OPTICAL CENTER,FINISHED GOODS,EQUIPMENT,NIKE,NO GROUP (AP),ZHONGSHAN ,GUANGDONG,528463,China,N ASIA,42,38,39.00%,0.00%
"LEOTEX TEXTILE, S.A. DE C.V.",FINISHED GOODS,APPAREL,NIKE,JOWETT,CD. OBREGON,SONORA,85097,Mexico,AMERICAS,434,420,85.00%,10.50%
LES VETEMENTS SP APPAREL INC.,FINISHED GOODS,APPAREL,NIKE,SP APPAREL,GRANBY,QUEBEC,J2J 2B8,Canada,AMERICAS,117,77,90.00%,14.30%
"LI CHENG ENTERPRISE CO.,LTD",FINISHED GOODS - COMPONENTS,FOOTWEAR,NIKE,NO GROUP (FW),YUN-LIN HSIEN,,64645,Taiwan,N ASIA,492,346,46.00%,26.60%
LIM GROUP SRL,FINISHED GOODS,FOOTWEAR,Converse,LIM,MONTAGNANA,VENETO,,Italy,EMEA,26,19,25.00%,0.00%
LION BROTHERS FAR EAST,FINISHED GOODS - COMPONENTS,APPAREL,NIKE,LION BROTHERS,BAOAN,GUANGDONG,518125,China,N ASIA,420,168,59.00%,0.00%
LOGO CAPITAL,FINISHED GOODS,APPAREL,NIKE,NO GROUP (AP),ALEXANDRIA,VIRGINIA,22304,United States of America,AMERICAS,24,19,33.00%,0.00%
LONG AN EXPORT GARMENT JOINT STOCK COMPANY LASGE,FINISHED GOODS,APPAREL,NIKE,UNITED SWEETHEART,TAN AN,LONG AN,84-72,Vietnam,SE ASIA,915,700,70.00%,0.00%
LONG CHUAN SIMONA FOOTWEAR CO. LTD,FINISHED GOODS,FOOTWEAR,NIKE,STELLA,HEYUAN,GUANGDONG,517300,China,N ASIA,5366,4525,76.00%,0.00%
"LONG FA SHOES INDUSTRIAL HUIZHOU CO., LTD.",FINISHED GOODS,FOOTWEAR,NIKE,DEAN SHOES,HUIZHOU,GUANGDONG,516121,China,N ASIA,8438,4938,52.00%,0.00%
"LONG YUE SHOES INDUSTRIAL HUI ZHOU CO.,LTD.",FINISHED GOODS - COMPONENTS,FOOTWEAR,NIKE,DEAN SHOES,HUIZHOU,GUANGDONG,516000,China,N ASIA,3930,3120,65.00%,0.00%
"LONGCHUAN SOMONA FOOTWEAR CO.,LTD WUHUA BRANCH",FINISHED GOODS - COMPONENTS,FOOTWEAR,NIKE,STELLA,MEIZHOU,GUANGDONG,514400,China,N ASIA,882,820,96.00%,0.00%
LONGWAY VIETNAM COMPANY LIMITED,FINISHED GOODS,EQUIPMENT,NIKE,LONGWAY,DUC HOA,LONG AN,863900,Vietnam,SE ASIA,1100,815,80.00%,0.00%
LOTUS FOOTWEAR ENTERPRISES LIMITED UNIT-2,FINISHED GOODS,FOOTWEAR,NIKE,FENG TAY,NEAR KANCHIPURAM,TAMIL NADU,631701,India,S ASIA,5930,4556,52.00%,0.00%
LOTUS FOOTWEAR ENTERPRISES LTD. (INDIA BRANCH) - UNIT 1,FINISHED GOODS,FOOTWEAR,NIKE,FENG TAY,VEMBAKKAM TALUK,TAMIL NADU,PIN 631701,India,S ASIA,3255,2478,65.00%,0.00%
LYNKA SP. Z O.O.,FINISHED GOODS,APPAREL,NIKE,LYNKA,SKAWINA,MALOPOLSKIE,32-050,Poland,EMEA,329,200,60.00%,0.00%
M/S STYLE TEXTILE (PVT.) LIMITED (SUNDER) - UNIT VI,FINISHED GOODS,APPAREL,NIKE,STYLE TEXTILE,LAHORE,PUNJAB,54700,Pakistan,S ASIA,5608,4792,16.00%,0.00%
MAJESTIC ATHLETIC,FINISHED GOODS,APPAREL,NIKE,NO GROUP (AP),EASTON,PENNSYLVANIA,18045,United States of America,AMERICAS,430,340,55.00%,0.00%
MANUFACTURAS KALTEX,FINISHED GOODS,APPAREL,Converse,NO GROUP (AP),SANTIAGO DE QUERÉTARO,MÉXICO,76800,Mexico,AMERICAS,1365,1355,1.00%,0.10%
"MANUFACTURE OF ARTISTIC BELT & ACCESSORIES CO., LTD.",FINISHED GOODS,EQUIPMENT,NIKE,NO GROUP (EQ),BEN CAT TOWN,BÌNH DUONG,82575,Vietnam,SE ASIA,60,55,65.00%,0.00%
MAPLE COMPANY LIMITED,FINISHED GOODS,APPAREL,NIKE,TAI WAH,HAI PHONG CITY,HAI PHONG,4000,Vietnam,SE ASIA,894,785,75.00%,0.00%
MARCHON ITALIA SRL A SU,FINISHED GOODS,EQUIPMENT,NIKE,NO GROUP (EQ),ALPAGO,BELLUNO,32016,Italy,EMEA,301,156,62.00%,0.00%
MAS  KREEDA MIHINTALE,FINISHED GOODS,APPAREL,NIKE,MAS HOLDINGS,MIHINTALE,ANURADHAPURA,50300,Sri Lanka,S ASIA,1134,680,83.00%,0.00%
MAS ACTIVE PVT LTD - CONTOURLINE DIVISION,FINISHED GOODS,APPAREL,NIKE,MAS HOLDINGS,NUGEGODA,KANDY,0,Sri Lanka,S ASIA,1660,1300,76.00%,0.00%
MAS ACTIVE PVT. LTD - SYNERGY,FINISHED GOODS,APPAREL,NIKE,MAS HOLDINGS,AVISSAWELLA,COLOMBO,10700,Sri Lanka,S ASIA,2159,1492,89.00%,0.00%
MAS ACTIVE TRADING PVT LTD - LINEA INTIMO,FINISHED GOODS,APPAREL,NIKE,MAS HOLDINGS,COLOMBO,COLOMBO,42000,Sri Lanka,S ASIA,680,679,41.00%,0.00%
MAS ACTIVE TRADING PVT LTD - VAANAVIL DIVISION,FINISHED GOODS,APPAREL,NIKE,MAS HOLDINGS,COLOMBO,COLOMBO,42000,Sri Lanka,S ASIA,1761,1275,80.00%,0.00%
MAS FABRICS (PVT.) LTD - MATRIX,FINISHED GOODS - COMPONENTS,FOOTWEAR,NIKE,MAS HOLDINGS,THULHIRIYA,KURUNEGALA,71610,Sri Lanka,S ASIA,2012,1016,50.00%,0.00%
MAS FABRICS PVT LTD - METHLIYA,FINISHED GOODS,APPAREL,NIKE,MAS HOLDINGS,KEGALLE,,71000,Sri Lanka,S ASIA,2003,1356,94.00%,0.00%
MATSUDA BABY SANGYO,FINISHED GOODS,EQUIPMENT,NIKE,NO GROUP (EQ),KASHIHARA,NARA,634-0817,Japan,N ASIA,23,22,74.00%,40.90%
MAXPORT  LIMITED (VIET NAM) _ THAI BINH BRANCH ( MAXPORT 09),FINISHED GOODS,APPAREL,NIKE,MAXPORT,HANOI,THÁI BÌNH,410000,Vietnam,SE ASIA,2464,1990,75.00%,0.00%
MAXPORT LIMITED VIET NAM _ NAM DINH BRANCH MAXPORT 06,FINISHED GOODS,APPAREL,NIKE,NO GROUP (AP),NAM DINH,NAM ÐNH,42000,Vietnam,SE ASIA,525,473,1.00%,0.20%
MAXPORT LIMITED VIET NAM NAM DINH BRANCH MAXPORT 05,FINISHED GOODS,APPAREL,NIKE,MAXPORT,NAM DINH,NAM ÐNH,42000,Vietnam,SE ASIA,1504,1336,76.00%,0.00%
MAZEN (JIANG MEN)INDUSTRIES LIMITED,FINISHED GOODS,EQUIPMENT,Converse,MAZEN,JIANGMEN,GUANGDONG,529100,China,N ASIA,233,127,20.00%,90.60%
"MEN-CHUEN FIBRE INDUSTRY CO., LTD. (VIETNAM)",MATERIALS,MATERIALS,NIKE,MEN CHUEN,BIEN HOA,DONG NAI,NA,Vietnam,SE ASIA,,,0.00%,0.00%
MILTEKS TEKSTIL SANAYI VE TICARET A S,FINISHED GOODS - COMPONENTS,APPAREL,NIKE,MILTEKS,ERKENEZ MAHALLESI ,ISTANBUL,34520,Turkey,EMEA,176,95,38.00%,0.00%
MILTEKS TEKSTIL SANAYI VE TICARET A.S. AJARA TEXTILE LTD,FINISHED GOODS,APPAREL,NIKE,MILTEKS,BATUMI,AJARIA,6000,Georgia,EMEA,608,481,97.00%,0.00%
"MINONE ENTERPRISES CO., LTD.",FINISHED GOODS,EQUIPMENT,NIKE,NO GROUP (EQ),NANGRONG,BURI RAM,31110,Thailand,SE ASIA,638,572,75.00%,0.00%
NAM DINH STELLA FOOTWEAR CO. LTD.,FINISHED GOODS,FOOTWEAR,NIKE,STELLA,NAM DINH,NAM ÐNH,420000,Vietnam,SE ASIA,8255,7790,76.00%,1.40%
NAM THIEN COMPANY LIMITED,FINISHED GOODS,APPAREL,NIKE,SOUTH ISLAND,HO CHI MINH,HO CHI MINH,700000,Vietnam,SE ASIA,636,540,75.00%,0.00%
NAN YANG GARMENT,FINISHED GOODS,APPAREL,NIKE,NAN YANG,"LADYAO, NAKHONSAWAN",NAKHON SAWAN,60150,Thailand,SE ASIA,1421,1126,74.00%,25.40%
"NAN YANG GARMENT CO., LTD. (NONGKHAM)",FINISHED GOODS,APPAREL,NIKE,NAN YANG,NONGKHAM,BANGKOK,10160,Thailand,SE ASIA,988,833,75.00%,54.00%
"NAN YANG GARMENT CO., LTD. (WACHIRABARAMEE)",FINISHED GOODS,APPAREL,NIKE,NAN YANG,WACHIRABARAMEE,PHICHIT,66140,Thailand,SE ASIA,2608,2196,79.00%,0.00%
"NAN YANG GARMENT CO.,LTD (SAMPRAN)",FINISHED GOODS,APPAREL,NIKE,NAN YANG,SAMPRAN,NAKHON PATHOM,73110,Thailand,SE ASIA,12711,12421,65.00%,8.50%
NAN YANG KNITTING FACTORY,MATERIALS,MATERIALS,NIKE,NAN YANG,KRATUMBAN,BANGKOK METROPOLIS,74110,Thailand,SE ASIA,,,0.00%,0.00%
NATIONAL EMBLEM WANG CHU EMBROIDERY CO.,FINISHED GOODS - COMPONENTS,APPAREL,NIKE,NATIONAL EMBLEM,NEW TAIPEI CITY,NEW TAIPEI,Zhonge District,Taiwan,N ASIA,13,10,85.00%,30.00%
NEW HOLLAND APPAREL DE NICARAGUA S A,FINISHED GOODS,APPAREL,NIKE,TEGRA,MANAGUA,MANAGUA,0,Nicaragua,AMERICAS,1813,1511,51.00%,0.50%
NICE APPAREL COMPANY LIMITED,FINISHED GOODS,APPAREL,NIKE,NICE APPAREL,MUANG DISTRICT,NONTHABURI,11000,Thailand,SE ASIA,1224,1095,72.00%,20.00%
NICE APPAREL COMPANY LIMITED BRANCH CHUMPHAE,FINISHED GOODS,APPAREL,NIKE,NICE APPAREL,CHUMPAE,BANGKOK,40130,Thailand,SE ASIA,4164,3722,67.00%,0.00%
NINGBO BELL GARMENT INDUSTRIAL CO. LTD,FINISHED GOODS,APPAREL,NIKE,NO GROUP (AP),NINGBO,ZHEJIANG,315033,China,N ASIA,80,72,70.00%,0.00%
NINGBO EASTEX,FINISHED GOODS,APPAREL,NIKE,NO GROUP (AP),NINGBO,ZHEJIANG,32151,China,N ASIA,238,200,70.00%,0.00%
"NINGBO HUAYAO TEXTILE CO.,LTD",FINISHED GOODS,APPAREL,NIKE,NO GROUP (AP),NINGBO,ZHEJIANG,315800,China,N ASIA,894,729,84.00%,0.00%
"NINGBO MITSUBANA APPERAL CO., LTD",FINISHED GOODS,APPAREL,Converse,NINGBO MITSUBANA,NINGBO,ZHEJIANG,315207,China,N ASIA,69,52,83.00%,0.00%
NINGBO SHENZHOU KNITTING CO. LTD,FINISHED GOODS,APPAREL,NIKE,NINGBO,NINGBO,ZHEJIANG,315800,China,N ASIA,2890,2661,65.00%,0.00%
NINGBO SHENZHOU KNITTING CO. LTD. -#6 GARMENT FACTORY,FINISHED GOODS,APPAREL,NIKE,NINGBO,NINGBO,ZHEJIANG,315800,China,N ASIA,2490,2295,70.00%,0.00%
NINGBO SHENZHOU KNITTING CO. LTD. (PRINTING MILL & MC),FINISHED GOODS,APPAREL,NIKE,NINGBO,NINGBO,ZHEJIANG,315800,China,N ASIA,365,343,52.00%,0.00%
"NINGBO SHENZHOU KNITTING CO., LTD (NINGBO)",MATERIALS,MATERIALS,NIKE,NINGBO,NINGBO,ZHEJIANG,315800,China,N ASIA,,,0.00%,0.00%
"NINGBO SHENZHOU KNITTING CO.,LTD #3 GARMENT FACTORY",FINISHED GOODS,APPAREL,NIKE,NINGBO,NINGBO,ZHEJIANG,315800,China,N ASIA,2506,2256,55.00%,0.00%
NK APPAREL CO LTD,FINISHED GOODS,APPAREL,NIKE,NICE APPAREL,KHON KAEN,,40000,Thailand,SE ASIA,1146,1126,70.00%,0.00%
NV APPAREL COMPANY LIMITED,FINISHED GOODS,APPAREL,NIKE,NICE APPAREL,AN GIANG,AN GIANG,880000,Vietnam,SE ASIA,2737,2662,80.00%,1.20%
"NYG (VIETNAM) CO.,LTD",FINISHED GOODS,APPAREL,NIKE,NAN YANG,LONG KHANH ,ÐNG NAI,810000,Vietnam,SE ASIA,1455,1065,75.00%,2.00%
"OLIVE APPAREL CAMBODIA CO., LTD",FINISHED GOODS,APPAREL,NIKE,TAI WAH,PHNOM PENH,PHNOM PENH,12405,Cambodia,SE ASIA,2886,2622,88.00%,0.00%
"OPTECH CO., LTD.",FINISHED GOODS,APPAREL,NIKE,NO GROUP (AP),SAMUTSAKORN,SAMUT SAKHON,74110,Thailand,SE ASIA,82,71,70.00%,0.00%
"OREGON SCREEN IMPRESSIONS, INC.",FINISHED GOODS,APPAREL,NIKE,OREGON SCREEN IMPRESSIONS,PORTLAND,OREGON,97232,United States of America,AMERICAS,130,64,52.00%,0.00%
ORIENTAL GARMENT AN GIANG CO LTD,FINISHED GOODS,APPAREL,NIKE,NO GROUP (AP),AN GIANG,AN GIANG,,Vietnam,SE ASIA,571,485,82.00%,2.10%
"ORIENTAL GARMENT CO., LTD – NONGBUADANG",FINISHED GOODS,APPAREL,NIKE,NO GROUP (AP),NONGBUADANG,,36210,Thailand,SE ASIA,220,167,80.00%,0.00%
ORIGINAL APPAREL PRIVATE LIMITED,FINISHED GOODS,APPAREL,NIKE,MAS HOLDINGS,WEERAWILA,HAMBANTOTA,82632,Sri Lanka,S ASIA,580,360,95.00%,0.00%
"PACIFIC ATHLETIC WEAR, INC.",FINISHED GOODS,APPAREL,NIKE,PACIFIC ATHLETIC WEAR,GARDEN GROVE,CALIFORNIA,92841,United States of America,AMERICAS,103,78,63.00%,0.00%
"PAPILLION TEXTILE (CAMBODIA) CO., LTD",FINISHED GOODS,APPAREL,NIKE,TUNTEX,PHNOM PENH,PHNOM PENH,12412,Cambodia,SE ASIA,2115,1900,95.00%,0.40%
"PARAMOUNT APPAREL INTERNATIONAL, INC.",FINISHED GOODS,APPAREL,NIKE,PARAMOUNT,BOURBON,MISSOURI,65441,United States of America,AMERICAS,403,204,64.00%,0.00%
"PARAMOUNT APPAREL INT'L, INC. WINONA MO",FINISHED GOODS,APPAREL,NIKE,NO GROUP (AP),WINONA,MISSOURI,65588,United States of America,AMERICAS,87,84,1.00%,1.20%
PETTENATI,FINISHED GOODS,APPAREL,NIKE,PETTENATI,CAXIAS DO SUL,RIO GRANDE DO SUL,95010.55,Brazil,AMERICAS,421,322,84.00%,2.50%
PETTENATI CENTRO AMERICA SA DE CV,MATERIALS,MATERIALS,NIKE,PETTENATI,COATEPEQUE,SAN SALVADOR,N/A,El Salvador,AMERICAS,,,0.00%,0.00%
"PILOT KNIT SPORT WEAR CAMBODIA CO., LTD.",FINISHED GOODS,APPAREL,NIKE,NO GROUP (AP),PHNOM PENH CITY,KAMPONG CHAAM,12100,Cambodia,SE ASIA,520,431,1.00%,0.20%
"PILOTKNIT SPORT WEAR CO.,LTD.",FINISHED GOODS,APPAREL,NIKE,NO GROUP (AP),MUANG,SAMUT SAKHON,74000,Thailand,SE ASIA,575,484,68.00%,70.20%
PINE TREE COMPANY FOR TEXTILE MANUFACTURING PSC,FINISHED GOODS,APPAREL,NIKE,TAI WAH,AMMAN,AMMAN,110109,Jordan,EMEA,2375,2149,77.00%,78.50%
"PINGHU LIPAI BAGS AND LUGGAGE CO., LTD.",FINISHED GOODS,EQUIPMENT,NIKE,NO GROUP (EQ),PINGHU,ZHEJIANG,314202,China,N ASIA,174,125,72.00%,0.00%
PINGXIANG CITY GUANGXUAN FOOTWEAR CO. LTD.,FINISHED GOODS - COMPONENTS,FOOTWEAR,NIKE,SHOETOWN,PINGXIANG,JIANGXI,337000,China,N ASIA,1401,1168,96.00%,0.00%
"PLV CO., LTD",FINISHED GOODS,EQUIPMENT,NIKE,NO GROUP (EQ),TRANG BANG,TÂY NINH,84000,Vietnam,SE ASIA,183,159,1.00%,0.60%
PMI JOINEASE PLASTIC & METAL PRODUCTS,FINISHED GOODS,EQUIPMENT,NIKE,NO GROUP (EQ),HUI ZHOU,GUANGDONG,516131,China,N ASIA,1006,684,52.00%,0.00%
PONY LEATHER,MATERIALS,MATERIALS,NIKE,PONY LEATHER,CHANG HUA,T'AI-WAN,40876,Taiwan,N ASIA,,,0.00%,0.00%
POU CHEN CORPORATION,FINISHED GOODS,FOOTWEAR,NIKE,POU CHEN,CHANGHUA,CHANGHUA,506,Taiwan,N ASIA,2150,576,73.00%,0.00%
POU CHEN VIETNAM ENTERPRISE LTD.,FINISHED GOODS,FOOTWEAR,NIKE,POU CHEN,BIEN HOA CITY,ÐNG NAI,76123,Vietnam,SE ASIA,17347,14056,85.00%,0.00%
POVOLO SRL,FINISHED GOODS,APPAREL,NIKE,POVOLO,GALLARATE,VARESE,21013,Italy,EMEA,23,23,90.00%,8.70%
POWER WIN PLASTIC PRODUCTS S.Z. COMPANY LIMITED,FINISHED GOODS,EQUIPMENT,NIKE,POWER WIN,SHENZEN,GUANGDONG,,China,N ASIA,142,81,66.00%,0.00%
PPSEC COMPANY LIMITED,FINISHED GOODS - COMPONENTS,APPAREL,NIKE,SEC ACCESSORIES,PHNOM PENH,PHNOM PENH,0,Cambodia,SE ASIA,0,0,0.00%,0.00%
PRAEGEAR VIET NAM COMPANY LIMITED,FINISHED GOODS,EQUIPMENT,NIKE,NO GROUP (EQ),DUC HOA DISTRICT,LONG AN,82000,Vietnam,SE ASIA,1508,1379,76.00%,4.40%
PREMIER OPTICAL SHENZHEN LIMITED COMPNAY,FINISHED GOODS,EQUIPMENT,Converse,NO GROUP (EQ),SHENZHEN,GUANGDONG,510000,China,N ASIA,146,115,1.00%,0.90%
PRESTIGE GARMENT CO. LTD.,FINISHED GOODS,APPAREL,NIKE,NO GROUP (AP),KANDAL  PROVINCE,KANDAAL,8371,Cambodia,SE ASIA,692,644,65.00%,1.40%
PRIME ASIA (CHINA),MATERIALS,MATERIALS,"NIKE, Converse",PRIME ASIA,DONGGUAN,GUANGDONG,,China,N ASIA,,,0.00%,0.00%
PRIME ASIA (VIETNAM),MATERIALS,MATERIALS,NIKE,PRIME ASIA,TAN THANH,DONG NAI,N/A,Vietnam,SE ASIA,,,0.00%,0.00%
PRO KINGTEX VIETNAM COMPANY LIMITED,FINISHED GOODS,APPAREL,NIKE,EAGLE NICE,HO CHI MINH CITY,HO CHI MINH,700000,Vietnam,SE ASIA,2505,2204,89.00%,96.20%
"PROMAX TEXTILE CO., LTD. -6TH ROAD",MATERIALS,MATERIALS,NIKE,"PROMAX TEXTILE CO., LTD.",NHON TRACH DISTRICT,DONG NAI,737,Vietnam,SE ASIA,,,0.00%,0.00%
PT ADIS DIMENSION FOOTWEAR,FINISHED GOODS,FOOTWEAR,NIKE,SHOETOWN,TANGERANG,BANTEN,15610,Indonesia,S ASIA,7410,7095,50.00%,0.00%
PT CHANGSHIN REKSAJAYA,FINISHED GOODS - COMPONENTS,FOOTWEAR,NIKE,CHANGSHIN,GARUT,JAWA BARAT,44152,Indonesia,S ASIA,7949,7411,91.00%,0.20%
PT DAYUP INDO,FINISHED GOODS,EQUIPMENT,NIKE,DAYUP,JAKARTA,JAKARTA RAYA,14140,Indonesia,S ASIA,1403,1300,90.00%,1.00%
PT DONG A DECAL,FINISHED GOODS,APPAREL,NIKE,NO GROUP (AP),,JAKARTA RAYA,14140,Indonesia,S ASIA,384,349,44.00%,1.40%
PT EAGLE NICE INDONESIA,FINISHED GOODS,APPAREL,NIKE,EAGLE NICE,KABUPATEN SERANG,BANTEN,42186,Indonesia,S ASIA,2778,1833,70.00%,1.20%
PT KMK GLOBAL SPORTS / K1,FINISHED GOODS,FOOTWEAR,NIKE,KMK,TANGERANG,BANTEN,15710,Indonesia,S ASIA,13191,12110,81.00%,0.00%
PT MAREL SUKSES PRATAMA,FINISHED GOODS,EQUIPMENT,Converse,NO GROUP (EQ),YOGYAKARTA,YOGYAKARTA,55285,Indonesia,S ASIA,186,85,54.00%,0.00%
PT MITRA GARINDO PERKASA,FINISHED GOODS,APPAREL,NIKE,NO GROUP (AP),BOGOR,,16964,Indonesia,S ASIA,515,419,90.00%,0.00%
PT MORICH INDO FASHION,FINISHED GOODS,APPAREL,NIKE,MORICH,SEMARANG,JAWA TENGAH,50552,Indonesia,S ASIA,2211,42,84.00%,0.00%
PT NIKOMAS GEMILANG,FINISHED GOODS,FOOTWEAR,NIKE,POU CHEN,SERANG,BANTEN,42186,Indonesia,S ASIA,21411,18865,83.00%,0.30%
PT PRATAMA ABADI INDUSTRI (TANGERANG SELATAN),FINISHED GOODS,FOOTWEAR,NIKE,PRATAMA,TANGERANG SELATAN,BANTEN,15325,Indonesia,S ASIA,6627,5299,75.00%,1.00%
PT PRATAMA ABADI INDUSTRI (SUKABUMI),FINISHED GOODS,FOOTWEAR,NIKE,PRATAMA,SUKABUMI,JAWA BARAT,43191,Indonesia,S ASIA,21104,19137,70.00%,0.00%
PT R PRIMA JAYA,FINISHED GOODS,APPAREL,NIKE,NO GROUP (AP),SEMARANG,,50117,Indonesia,S ASIA,667,557,88.00%,0.00%
PT SELALU CINTA INDONESIA,FINISHED GOODS,FOOTWEAR,NIKE,KMK,SALATIGA,JAWA TENGAH,50735,Indonesia,S ASIA,180,120,80.00%,0.00%
PT SEMARANG GARMENT,FINISHED GOODS,APPAREL,NIKE,KUKDONG,SEMARANG,,50552,Indonesia,S ASIA,3540,3119,95.00%,0.00%
PT SHOETOWN KASOKANDEL INDONESIA,FINISHED GOODS - COMPONENTS,FOOTWEAR,NIKE,SHOETOWN,MAJALENGKA,,45453,Indonesia,S ASIA,2902,2135,58.00%,0.00%
PT TRIGOLDENSTAR WISESA,FINISHED GOODS,APPAREL,NIKE,TRIGOLDENSTAR,KARAWANG,JAWA BARAT,41371,Indonesia,S ASIA,486,395,76.00%,0.00%
PT TUNTEX GARMENT INDONESIA-CKP,FINISHED GOODS,APPAREL,NIKE,TUNTEX,TANGERANG,BANTEN,15710,Indonesia,S ASIA,1382,1206,96.00%,0.00%
PT TUNTEX GARMENT INDONESIA-TGR,FINISHED GOODS,APPAREL,NIKE,TUNTEX,TANGERANG,BANTEN,15112,Indonesia,S ASIA,1040,679,92.00%,1.60%
PT VICTORY CHINGLUH INDONESIA,FINISHED GOODS,FOOTWEAR,NIKE,CHINGLUH,TANGERANG,BANTEN,15560,Indonesia,S ASIA,13512,13511,75.00%,0.30%
PT. CCH INDONESIA,FINISHED GOODS,APPAREL,NIKE,CHUAN CHENG,BANDUNG BARAT,JAWA BARAT,40552,Indonesia,S ASIA,1348,1090,64.00%,0.50%
PT. CHANG SHIN INDONESIA MERGED WITH SEO HEUNG,FINISHED GOODS,FOOTWEAR,NIKE,CHANGSHIN,KARAWANG,JAWA BARAT,41374,Indonesia,S ASIA,2276,2163,76.00%,0.20%
PT. CHING LUH INDONESIA,FINISHED GOODS,FOOTWEAR,NIKE,CHINGLUH,CIKUPA,BANTEN,15710,Indonesia,S ASIA,8170,6683,74.00%,0.00%
PT. FENG TAY INDONESIA ENTERPRISES,FINISHED GOODS,FOOTWEAR,NIKE,FENG TAY,BANDUNG,JAWA BARAT,40376,Indonesia,S ASIA,14396,12961,64.00%,0.10%
PT. FORMOSA BAG INDONESIA,FINISHED GOODS,EQUIPMENT,NIKE,FORMOSA,GROBOGAN,JAWA TENGAH,58165,Indonesia,S ASIA,3536,2795,89.00%,0.40%
PT. GRAND BEST INDONESIA,FINISHED GOODS,APPAREL,NIKE,TUNTEX,SEMARANG,JAWA TENGAH,50174,Indonesia,S ASIA,2307,2070,93.00%,0.40%
PT. KANINDO MAKMUR JAYA,FINISHED GOODS,EQUIPMENT,NIKE,KANAAN,"JEPARA, CENTRAL JAVA",JAWA TENGAH,59462,Indonesia,S ASIA,5619,5500,79.00%,0.10%
PT. POU YUEN INDONESIA,FINISHED GOODS,FOOTWEAR,NIKE,POU CHEN,CIANJUR,JAWA BARAT,43284,Indonesia,S ASIA,10940,8600,57.00%,0.60%
PT. SHOETOWN LIGUNG INDONESIA,FINISHED GOODS,FOOTWEAR,NIKE,SHOETOWN,MAJALENGKA,JAWA BARAT,45456,Indonesia,S ASIA,4064,2645,51.00%,0.70%
PT. TK INDUSTRIAL INDONESIA,FINISHED GOODS,FOOTWEAR,NIKE,TAEKWANG,"BELENDUNG, CIBOGO",JAWA BARAT,41285,Indonesia,S ASIA,24573,21609,87.00%,0.30%
PT. YC TEC INDONESIA,FINISHED GOODS,FOOTWEAR,NIKE,NO GROUP (FW),CIBATU KABUPATEN PURWAKARTA,JAWA BARAT,41181,Indonesia,S ASIA,589,531,58.00%,1.30%
QINGDAO CHANGSHIN JIMO FACTORY,FINISHED GOODS - COMPONENTS,FOOTWEAR,NIKE,CHANGSHIN,"JIMO, QINGDAO",SHANDONG,266200,China,N ASIA,514,433,40.00%,0.00%
"QINGDAO CHANGSHIN SHOES CO., LTD.",FINISHED GOODS,FOOTWEAR,NIKE,CHANGSHIN,QINGDAO,SHANDONG,266300,China,N ASIA,3602,3130,87.00%,0.00%
"QINGDAO TAEHWA SHOES CO., LTD",FINISHED GOODS - COMPONENTS,FOOTWEAR,NIKE,TAEKWANG,LAIXI CITY,SHANDONG,250011,China,N ASIA,508,498,92.00%,0.00%
"QINGDAO TAEJIN SHOES CO., LTD",FINISHED GOODS - COMPONENTS,FOOTWEAR,NIKE,TAEKWANG,JIMO CITY,SHANDONG,250011,China,N ASIA,357,348,96.00%,0.00%
"QINGDAO TAEKWANG SHOES CO., LTD",FINISHED GOODS,FOOTWEAR,NIKE,TAEKWANG,QINGDAO,SHANDONG,266604,China,N ASIA,2007,1922,79.00%,0.00%
"QINGDAO YANTAI NE APPAREL CO.,LTD",FINISHED GOODS,APPAREL,NIKE,NICE APPAREL,YANTAI,SHANDONG,265100,China,N ASIA,1004,821,87.00%,0.00%
QINGYUAN CITY LIANNAN YAO NATIONALITY AUTONOMOUS COUNTY RONGFANG FOOTWEAR,FINISHED GOODS,FOOTWEAR,NIKE,SHOETOWN,QING YUAN,GUANGDONG,513300,China,N ASIA,743,615,87.00%,0.00%
"QUANG VIET ENTERPRISE CO., LTD",FINISHED GOODS,APPAREL,NIKE,QUANG VIET,HO CHI MINH,HO CHI MINH,70000,Vietnam,SE ASIA,6160,5920,94.00%,0.00%
QUANZHOU  FENGZE YISHENG LEATHER CO,FINISHED GOODS,EQUIPMENT,Converse,NO GROUP (EQ),QUANZHOU,FUJIAN,362341,China,N ASIA,42,33,1.00%,3.00%
QUANZHOU UNISON LIGHT INDUSTRIAL MANUFACTURING CO. LTD.,FINISHED GOODS,EQUIPMENT,NIKE,NO GROUP (EQ),QUANZHOU,FUJIAN,362000,China,N ASIA,39,39,47.00%,0.00%
R. A. INTERTRADING S. A.,FINISHED GOODS,APPAREL,NIKE,RA INTERTRADING,CAPITAL FEDERAL,BUENOS AIRES,C1439FVQ,Argentina,AMERICAS,799,649,43.00%,67.20%
"RAJA UCHINO CO.,LTD.",FINISHED GOODS,EQUIPMENT,NIKE,NO GROUP (EQ),SRIRACHA,CHON BURI,20230,Thailand,SE ASIA,134,105,65.00%,0.00%
RAMATEX APPAREL SUZHOU LTD.,FINISHED GOODS,APPAREL,NIKE,TAI WAH,SUZHOU,JIANGSU,215121,China,N ASIA,494,438,97.00%,0.00%
RAMATEX INDUSTRIA LTD.,MATERIALS,MATERIALS,NIKE,RAMATEX,JIANG SU,JIANGSU,215021,China,N ASIA,,,0.00%,0.00%
RAMATEX INDUSTRIAL SUZHOU LTD,FINISHED GOODS - COMPONENTS,APPAREL,NIKE,TAI WAH,SUZHOU,JIANGSU,215021,China,N ASIA,617,517,91.00%,0.00%
RAMATEX TEXTILES INDUSTRIAL SDN. BHD.,MATERIALS,MATERIALS,NIKE,RAMATEX, JOHOR,,0,Malaysia,S ASIA,,,0.00%,0.00%
REGENT GARMENT FACTORY LTD,FINISHED GOODS,APPAREL,NIKE,CRYSTAL,HAI DUONG,HI DUONG,170000,Vietnam,SE ASIA,3284,2753,61.00%,0.00%
"REGINA MIRACLE INTERNATIONAL VIETNAM CO., LTD",FINISHED GOODS,APPAREL,NIKE,REGINA MIRACLE,HAI PHONG,HAI PHONG,180000,Vietnam,SE ASIA,6830,5438,68.00%,0.00%
REGINA MIRACLE INTIMATE APPAREL SHENZHEN LIMITED,FINISHED GOODS,APPAREL,NIKE,REGINA MIRACLE,SHENZHEN,GUANGDONG,518132,China,N ASIA,74,63,60.00%,0.00%
RIETVELD SERIGRAFIE BV,FINISHED GOODS,APPAREL,NIKE,RIETVELD,ZOETERWOUDE RIJNDIJK,ZUID-HOLLAND,2382NW,Netherlands,EMEA,32,25,44.00%,28.00%
RIPON ATHLETIC,FINISHED GOODS,APPAREL,NIKE,RIPON,BERLIN,WISCONSIN,54923,United States of America,AMERICAS,143,126,80.00%,0.00%
RJ LIEBE ATHLETIC LETTERING CO.,FINISHED GOODS - COMPONENTS,APPAREL,NIKE,RJ LIEBE ATHLETIC LETTERING,CHESTERFIELD,MISSOURI,63005,United States of America,AMERICAS,48,34,67.00%,0.00%
ROLLSPORT VIETNAM FOOTWEAR LIMITED,FINISHED GOODS,FOOTWEAR,NIKE,HUALI,THANH HOA,THANH HÓA,410000,Vietnam,SE ASIA,10270,8652,89.00%,0.00%
RS/TUPA IND. DE PLASTICO LTDA,FINISHED GOODS - COMPONENTS,FOOTWEAR,NIKE,NO GROUP (FW),NOVO HAMBURGO,RIO GRANDE DO SUL,93546640,Brazil,AMERICAS,142,110,49.00%,0.00%
S.E.C. (DONGGUAN) ACCESSORIES LIMITED,FINISHED GOODS - COMPONENTS,APPAREL,NIKE,SEC ACCESSORIES,DONGGUAN CITY,GUANGDONG,523590,China,N ASIA,32,20,54.00%,0.00%
SABRINA CAMBODIA GARMENT MANUFACTURING,FINISHED GOODS,APPAREL,NIKE,SABRINA,SAMRONG TORNG DISTRICT,KAMPONG SPUEU,111111,Cambodia,SE ASIA,4300,3900,93.00%,0.00%
SADESA (AYUTTHAYA),MATERIALS,MATERIALS,NIKE,SADESA,AYUTTHAYA,CENTRAL,0,Thailand,SE ASIA,,,0.00%,0.00%
SADESA (CHONBURI),MATERIALS,MATERIALS,NIKE,SADESA,CHONBURI,CENTRAL,20230,Thailand,SE ASIA,,,0.00%,0.00%
"SAIGON DARYAR PLASTIC CO.,LTD",FINISHED GOODS,EQUIPMENT,NIKE,SAIGON DARYAR,DI AN,BÌNH DUONG,590000,Vietnam,SE ASIA,510,450,90.00%,0.00%
SAIGON GOLDEN PRENE ENTERPRISE COMPANY LIMITED,FINISHED GOODS,EQUIPMENT,NIKE,GUANG DER,BINH DUONG,BÌNH DUONG,72000,Vietnam,SE ASIA,1403,1050,79.00%,1.10%
SAN FANG (INDONESIA),MATERIALS,MATERIALS,"NIKE, Converse",SAN FANG,TANGERANG,SERANG,0,Indonesia,S ASIA,,,0.00%,0.00%
SAN FANG (TAIWAN),MATERIALS,MATERIALS,NIKE,SAN FANG,KAOHSIUNG,,,Taiwan,N ASIA,,,0.00%,0.00%
SAN FANG (VIETNAM),MATERIALS,MATERIALS,NIKE,SAN FANG,TAN THANH,THANH PHO HO CHI MINH,10,Vietnam,SE ASIA,,,0.00%,0.00%
SAN FANG CHINA,MATERIALS,MATERIALS,NIKE,SAN FANG,DONGGUAN,GUANGDONG,523758,China,N ASIA,,,0.00%,0.00%
SAO KHUE,FINISHED GOODS - COMPONENTS,FOOTWEAR,NIKE,TAEKWANG,BIEN HOA CITY,ÐNG NAI,76000,Vietnam,SE ASIA,1337,1232,96.00%,0.00%
SARNO DISPLAY S.R.L.,FINISHED GOODS,EQUIPMENT,NIKE,NO GROUP (EQ),CARNATE,LOMBARDIA,20866,Italy,EMEA,86,54,57.00%,3.70%
"SATO KNIT CO., LTD",FINISHED GOODS,APPAREL,NIKE,SATO KNIT,AMAKUSA-CITY,KUMAMOTO,863 0011,Japan,N ASIA,43,40,90.00%,42.50%
SCAVI HUE COMPANY,FINISHED GOODS,APPAREL,NIKE,SCAVI,PHONG DIEN,THA THIÊN-HU,530000,Vietnam,SE ASIA,6646,5105,80.00%,0.00%
SELF MAGLIERIA SNC DI FLORIANI FABRIZIO & C.,FINISHED GOODS,APPAREL,NIKE,SELF MAGLIERIA,LOMBARDY,COMO,22070,Italy,EMEA,25,22,92.00%,0.00%
SEWING JONAH,FINISHED GOODS,APPAREL,NIKE,SEWING JONAH,KUMAMOTO -CITY,KUMAMOTO,861 4101,Japan,N ASIA,47,43,84.00%,27.90%
SEYANG CORPORATION VIETNAM,FINISHED GOODS,APPAREL,NIKE,SEYANG,KIMBANG DISTRICT,HÀ NAM,700635492,Vietnam,SE ASIA,600,450,85.00%,0.00%
SFO APPAREL INC. (SEWING & CUTTING),FINISHED GOODS,APPAREL,NIKE,SFO APPAREL,BRISBANE,CALIFORNIA,94005,United States of America,AMERICAS,80,68,87.00%,0.00%
SHADELINE PVT LTD,FINISHED GOODS,APPAREL,NIKE,MAS HOLDINGS,MAHIYANGANAYA,?V? M?K??AM,90730,Sri Lanka,S ASIA,1848,1240,74.00%,0.00%
"SHANDONG YUANCHENGHE GARMENTS CO.,LTD",FINISHED GOODS,APPAREL,NIKE,FAR EASTERN,"NINGYANG COUNTY, TAIAN CITY",SHANDONG,271400,China,N ASIA,116,90,75.00%,0.00%
SHANGGAO YISEN INDUSTRY CO. LTD.,FINISHED GOODS,FOOTWEAR,NIKE,POU CHEN,YICHUN,JIANGXI,336400,China,N ASIA,7879,6087,86.00%,0.00%
SHAO YANG COUNTY STEIIA FOOTWEAR LTD,FINISHED GOODS,FOOTWEAR,NIKE,STELLA,SHAOYANG,HUNAN,422100,China,N ASIA,1262,1207,97.00%,0.00%
SHAOYANG LIANTAI SQ HANSHOU UPPER FACILITY,FINISHED GOODS - COMPONENTS,FOOTWEAR,NIKE,STELLA,CHANDE CITY,HUNAN,415907,China,N ASIA,955,874,97.00%,0.00%
SHAOYANG STELLA FOOTWEAR COMPANY LIMITED,FINISHED GOODS,FOOTWEAR,NIKE,STELLA,SHAOYANG CITY,HUNAN,422000,China,N ASIA,4215,4024,84.00%,0.00%
"SHEN ZHOU (CAMBODIA) CO., LTD",FINISHED GOODS,APPAREL,NIKE,NINGBO,PHNOM PENH,PHNOM PENH,0,Cambodia,SE ASIA,2835,2602,92.00%,4.20%
"SHENZHEN PENGYIFA INDUSTRIAL CO, LTD",FINISHED GOODS,APPAREL,NIKE,NO GROUP (AP),SHENZHEN GUANGMING DISTRICT,GUANGDONG,518107,China,N ASIA,46,32,52.00%,0.00%
SHINTA WOOSUNG,MATERIALS,MATERIALS,NIKE,SHINTA WOOSUNG,SERANG,BANTEN,42178,Indonesia,S ASIA,,,0.00%,0.00%
SHIXING TIAN HE GARMENTS CO. LTD.,FINISHED GOODS,APPAREL,NIKE,NO GROUP (AP),SHAO GUANG,GUANGDONG,,China,N ASIA,127,122,81.00%,0.00%
"SHOETOWN FOOTWEAR CO.,LTD",FINISHED GOODS,FOOTWEAR,NIKE,SHOETOWN,QINGYUAN CITY,GUANGDONG,511800,China,N ASIA,12134,9955,87.00%,0.00%
SHOETOWN HUNAN,FINISHED GOODS,FOOTWEAR,NIKE,SHOETOWN,YONGZHOU CITY,HUNAN,,China,N ASIA,3429,3127,84.00%,7.40%
SHOETOWN JINTAN,FINISHED GOODS,FOOTWEAR,NIKE,SHOETOWN,QINGYUAN CITY,GUANGDONG,511515,China,N ASIA,1138,1048,87.00%,0.00%
SLANE HOSIERY MILLS - CENTENNIAL FACILITY,FINISHED GOODS,EQUIPMENT,NIKE,SLANE,HIGH POINT,NORTH CAROLINA,27260,United States of America,AMERICAS,463,149,52.00%,0.00%
SLANE HOSIERY MILLS - FAIRFIELD FACILITY,FINISHED GOODS,EQUIPMENT,NIKE,SLANE,HIGH POINT,NORTH CAROLINA,27263,United States of America,AMERICAS,493,168,54.00%,0.00%
"SNP CO.,LTD.",FINISHED GOODS,APPAREL,NIKE,SPORTS CITY,"THU DAU MOT CITY, ",BÌNH DUONG,75000,Vietnam,SE ASIA,492,419,90.00%,0.00%
SON KHA SCREEN PRINTING CO. LTD,FINISHED GOODS,APPAREL,NIKE,SOUTH ISLAND,HO CHI MINH CITY,,,Vietnam,SE ASIA,134,94,60.00%,1.10%
SONG HONG GARMENT FACTORY,FINISHED GOODS,APPAREL,NIKE,NO GROUP (AP),HAI HAU,NAM ÐNH,,Vietnam,SE ASIA,1950,1950,85.00%,0.00%
SONG HONG GARMENT JSC - FACTORY 15.16.17.18,FINISHED GOODS,APPAREL,NIKE,SONG HONG,HOBOKEN,NAM ÐNH,7030,Vietnam,SE ASIA,1997,1380,85.00%,0.00%
SONGSEN GARMENT SUZHOU LTD,FINISHED GOODS,APPAREL,NIKE,TAI WAH,SUZHOU,,215124,China,N ASIA,340,320,91.00%,0.00%
SOUTH ISLAND GARMENT SDN. BHD.,FINISHED GOODS,APPAREL,NIKE,SOUTH ISLAND,PRAI,,13600,Malaysia,S ASIA,405,140,67.00%,78.60%
"SOUTHERN APPAREL CONTRACTORS, S.A.",FINISHED GOODS,APPAREL,NIKE,TEGRA,CARRETERA A SAN PEDRO SULA,CORTÉS,21103,Honduras,AMERICAS,3886,2893,60.00%,0.00%
SPORTEK,FINISHED GOODS,FOOTWEAR,NIKE,DIAMANT,KOTOR VAROS,REPUBLIKA SRPSKA,78220,Bosnia and Herz.,EMEA,2007,1846,72.00%,0.30%
STANWELL-EXPAN CO. LTD,FINISHED GOODS - COMPONENTS,APPAREL,NIKE,STANWELL-EXPAN,TAOYUAN,T'AI-WAN,333,Taiwan,N ASIA,627,477,38.00%,15.90%
STAPLES PROMOTIONAL PRODUCTS (ORANGE CITY),FINISHED GOODS,APPAREL,NIKE,NO GROUP (AP),ORANGE CITY,IOWA,51041,United States of America,AMERICAS,308,293,76.00%,0.00%
STAPLES PROMOTIONAL PRODUCTS (MARCUS),FINISHED GOODS,APPAREL,NIKE,NO GROUP (AP),MARCUS,IOWA,51035,United States of America,AMERICAS,68,65,87.00%,0.00%
STERLING APPAREL MANUFACTURING L.L.C,FINISHED GOODS,APPAREL,NIKE,MAS HOLDINGS,MADABA,MADABA,11636,Jordan,EMEA,354,247,93.00%,6.90%
STERLING APPAREL MANUFACTURING L.L.C. SAHAB,FINISHED GOODS,APPAREL,NIKE,MAS HOLDINGS,SAHAB,AMMAN,11636,Jordan,EMEA,1602,1313,80.00%,119.00%
STYLDEA SRL,FINISHED GOODS,FOOTWEAR,Converse,STYLDEA,ALTIVOLE,TREVISO,31030,Italy,EMEA,18,13,78.00%,0.00%
STYLE MANUFACTURERS,FINISHED GOODS,APPAREL,NIKE,STYLE,LEON,GUANAJUATO,37358,Mexico,AMERICAS,257,229,48.00%,0.00%
STYLE TEXTILE IV,FINISHED GOODS,APPAREL,NIKE,STYLE TEXTILE,LAHORE,PUNJAB,54500,Pakistan,S ASIA,3375,2932,13.00%,0.00%
STYLE TEXTILE PVT LTD.,FINISHED GOODS - COMPONENTS,APPAREL,NIKE,STYLE TEXTILE,LAHORE,PUNJAB,54770,Pakistan,S ASIA,4392,2961,22.00%,0.00%
STYLE TEXTILE PVT. LTD. UNIT NO. 2,FINISHED GOODS,APPAREL,NIKE,STYLE TEXTILE,LAHORE,PUNJAB,54770,Pakistan,S ASIA,398,349,1.00%,0.00%
"STYLE TEXTILE(PVT.) LIMITED, (MANGA)",FINISHED GOODS,APPAREL,NIKE,STYLE TEXTILE,KASUR/LAHORE,PUNJAB,55150,Pakistan,S ASIA,7093,5221,1.00%,0.00%
"SUMBER MASANDA JAYA, PT",FINISHED GOODS,FOOTWEAR,NIKE,PRATAMA,BREBES,JAWA TENGAH,52253,Indonesia,S ASIA,1956,1650,90.00%,0.00%
"SUNNY JET HOSIERY CO., LIMITED",FINISHED GOODS,APPAREL,NIKE,NO GROUP (AP),YANGZHOU,JIANGSU,225003,China,N ASIA,253,198,82.00%,21.20%
SUSSEX IM,FINISHED GOODS,EQUIPMENT,NIKE,NO GROUP (EQ),SUSSEX,WISCONSIN,53089,United States of America,AMERICAS,315,315,28.00%,0.00%
SUZHOU TAIWAY APPAREL PTE LTD,FINISHED GOODS,APPAREL,NIKE,TAI WAH,"MUDU TOWN, WUZHONG SECTION",JIANGSU,215101,China,N ASIA,400,360,83.00%,0.00%
TAE KWANG CAN THO LIMITED LIABILITY COMPANY,FINISHED GOODS,FOOTWEAR,NIKE,TAEKWANG,CAI RANG,CAN THO,900000,Vietnam,SE ASIA,4164,3910,56.00%,0.00%
TAE KWANG VINA,FINISHED GOODS,FOOTWEAR,NIKE,TAEKWANG,BIEN HOA,ÐNG NAI,700000,Vietnam,SE ASIA,14720,12187,91.00%,0.00%
TAE KWANG VINA JOINT STOCK COMPANY'S BRANCH,FINISHED GOODS - COMPONENTS,FOOTWEAR,NIKE,TAEKWANG,BIEN HOA,ÐNG NAI,70000,Vietnam,SE ASIA,9596,8884,92.00%,0.00%
TAE KWANG VINA SATELLITE,FINISHED GOODS - COMPONENTS,FOOTWEAR,NIKE,TAEKWANG,MY THO,TIN GIANG,860000,Vietnam,SE ASIA,6131,5474,96.00%,0.00%
"TAEKWANG INDUSTRY CO., LTD.",FINISHED GOODS,FOOTWEAR,NIKE,TAEKWANG,GIMHAE,GYEONGSANGNAMDO,621-200,South Korea,N ASIA,866,289,63.00%,0.00%
TAI WAH GARMENTS INDUSTRY SDN BHD KULAI JAYA,FINISHED GOODS,APPAREL,NIKE,TAI WAH,JOHOR DARUL TAKZIM,JOHOR,81000,Malaysia,S ASIA,1517,1394,30.00%,80.60%
TAI WAH GARMENTS INDUSTRY SDN. BHD SEGAMAT,FINISHED GOODS,APPAREL,NIKE,TAI WAH,SEGAMAT,JOHOR,85000,Malaysia,S ASIA,842,805,52.00%,62.40%
TAI WAH GARMENTS INDUSTRY SDN. BHD.- KL1,FINISHED GOODS,APPAREL,NIKE,TAI WAH,KLUANG,JOHOR,86000,Malaysia,S ASIA,715,696,23.00%,53.90%
"TAICHUNG SHUIHING LABEL WEAVING CO., LTD.",FINISHED GOODS - COMPONENTS,APPAREL,NIKE,AVERY DENNISON,TAICHUNG,TAICHUNG,43769,Taiwan,N ASIA,84,67,80.00%,22.40%
TAITAT PUTRA REJEKI,FINISHED GOODS,EQUIPMENT,Converse,NO GROUP (EQ),BOGOR,JAKARTA RAYA,0,Indonesia,S ASIA,74,57,66.00%,0.00%
TEAM EDITION APPAREL,FINISHED GOODS,APPAREL,NIKE,TEAM EDITION,BRADENTON,FLORIDA,34208,United States of America,AMERICAS,166,166,65.00%,0.00%
TEXLAN CENTER PRIVATE LIMITED,FINISHED GOODS,EQUIPMENT,NIKE,INTERLOOP,MINUWANGODA,COLOMBO,11550,Sri Lanka,S ASIA,922,721,39.00%,0.00%
TEXTEL SPORT TECH S.A.,FINISHED GOODS,APPAREL,NIKE,SPORT TECH,SAN MARTIN,BUENOS AIRES,,Argentina,AMERICAS,125,105,55.00%,48.60%
TEXTIL H.J.HERING LTDA,FINISHED GOODS,APPAREL,NIKE,TEXTIL H.J. HERING,INDAIAL,SANTA CATARINA,89086723,Brazil,AMERICAS,275,260,81.00%,0.00%
TEXTILES INTERNATIONAL OF EGYPT LTD.,FINISHED GOODS,APPAREL,NIKE,TIE TEXTILES,CAIRO,ASH SHARQIYAH,11816,Egypt,EMEA,1224,660,56.00%,0.00%
"TEXTILES LA PAZ, L.L.C.",FINISHED GOODS,APPAREL,NIKE,FUN TEES,EL ROSARIO LA PAZ,LA PAZ,n/a,El Salvador,AMERICAS,2502,1953,53.00%,0.40%
"TEXTURERIAS, S.A. DE C.V.",FINISHED GOODS,APPAREL,NIKE,TEXTURERIAS,SANTIAGO TIANGUISTENCO,DISTRITO FEDERAL,52600,Mexico,AMERICAS,273,273,52.00%,0.00%
"THAI SOCK CO., LTD.",FINISHED GOODS,APPAREL,NIKE,THAI SOCKS,PRAPRADAENG,SAMUT PRAKAN,10130,Thailand,SE ASIA,503,285,76.00%,4.20%
"THE HADDAD APPAREL WUXI, CO., LTD",FINISHED GOODS,APPAREL,NIKE,NO GROUP (AP),WUXI,JIANGSU,214125,China,N ASIA,57,43,75.00%,0.00%
"THUAN PHUONG EMBROIDERIES & GARMENTS CO., LTD - BINH CHANH FACTORY",FINISHED GOODS,APPAREL,NIKE,NO GROUP (AP),BINH CHANH DISTRICT,HO CHI MINH,700000,Vietnam,SE ASIA,1506,1444,78.00%,0.00%
"THUAN PHUONG EMBROIDERIES GARMENTS CO., LTD.",FINISHED GOODS,APPAREL,NIKE,NO GROUP (AP),HO CHI MINH CITY,HO CHI MINH,700000,Vietnam,SE ASIA,1568,917,71.00%,0.00%
TIONG LIONG (CHINA),MATERIALS,MATERIALS,NIKE,TLC ,FUQING CITY,FUJIAN,350300,China,N ASIA,,,0.00%,0.00%
TIONG LIONG (TAIWAN),MATERIALS,MATERIALS,NIKE,TLC ,TAICHUNG,T'AI-WAN,0,Taiwan,N ASIA,,,0.00%,0.00%
TIONG LIONG (VIETNAM),MATERIALS,MATERIALS,NIKE,TLC ,THUAN AN,BINH DUONG PROVINCE,0,Vietnam,SE ASIA,,,0.00%,0.00%
"TMI VIETNAM CO., LTD",FINISHED GOODS,APPAREL,NIKE,TUNG MUNG,HO CHI MINH CITY,HO CHI MINH,700000,Vietnam,SE ASIA,1817,1492,72.00%,0.00%
TNG INVESTMENT AND TRADING JSC - DAI TU,FINISHED GOODS,APPAREL,NIKE,NO GROUP (AP),THAI NGUYEN,THÁI NGUYÊN,240000,Vietnam,SE ASIA,2013,1938,80.00%,0.00%
TOCCALINO CARLOS JAVIER Y TOCCALINO DANIEL ANTONIO S.H.,FINISHED GOODS,APPAREL,Converse,NO GROUP (AP),LUJAN,BUENOS AIRES,B6700,Argentina,AMERICAS,21,15,1.00%,6.70%
TONG HONG CHINA,MATERIALS,MATERIALS,NIKE,TONG HONG,BEIHAI,GUANGXI,536100,China,N ASIA,,,0.00%,0.00%
TONG HONG VIETNAM,MATERIALS,MATERIALS,NIKE,TONG HONG,TAN THANH,BINH DUONG,0,Vietnam,SE ASIA,,,0.00%,0.00%
TOP SUMMIT GARMENT INC,FINISHED GOODS,APPAREL,NIKE,SABRINA,KANDAL,KANDAAL,315000,Cambodia,SE ASIA,3987,3423,9.00%,0.00%
TORAY SAKAI CO. LTD.,MATERIALS,MATERIALS,NIKE,TORAY SAKAI CO. LTD.,JIANG SU,JIANGSU,226010,China,N ASIA,,,0.00%,0.00%
"TOYAMA SPORTS GOODS CO., LTD.",FINISHED GOODS,EQUIPMENT,NIKE,TOYAMA SPORTS,NANTO,TOYAMA,939-1637,Japan,N ASIA,3,1,25.00%,0.00%
TTG CO. LTD.,FINISHED GOODS,APPAREL,NIKE,SOUTH ISLAND,TIEN GIANG,,,Vietnam,SE ASIA,51,27,37.00%,0.00%
TUKES PRINTING,FINISHED GOODS,APPAREL,NIKE,NO GROUP (AP),TREMONT,PENNSYLVANIA,17981,United States of America,AMERICAS,51,43,73.00%,0.00%
TUNTEX SOC TRANG VIETNAM CO.LTD,FINISHED GOODS,APPAREL,NIKE,TUNTEX,SOC TRANG,SÓC TRANG,95000,Vietnam,SE ASIA,2545,2125,95.00%,0.80%
"U.S. EMBROIDERY, LLC",FINISHED GOODS,APPAREL,NIKE,US EMBROIDERY,WILSONVILLE,OREGON,97070-7678,United States of America,AMERICAS,18,18,90.00%,0.00%
UAB HALTEX,FINISHED GOODS,APPAREL,NIKE,NO GROUP (AP),ALYTUS,ALYTAUS APSKRITIS,62175,Lithuania,EMEA,353,277,91.00%,0.00%
"UNICHELA (PVT)LTD, VIDIYAL DIVISION",FINISHED GOODS,APPAREL,NIKE,NO GROUP (AP),KILINOCHCHI,KILINOCHCHI,44000,Sri Lanka,S ASIA,1362,1127,100.00%,0.00%
"UNIPAX CO., LTD",FINISHED GOODS,APPAREL,NIKE,HWASEUNG CROWN,BIEN HOA CITY,ÐNG NAI,,Vietnam,SE ASIA,1850,1650,96.00%,0.00%
"UNITED SWEETHEARTS GARMENT (VIETNAM) CO., LTD.",FINISHED GOODS,APPAREL,NIKE,UNITED SWEETHEART,DONG NAI,ÐNG NAI,14209,Vietnam,SE ASIA,2508,2100,86.00%,94.70%
UNITED SWEETHEARTS GARMENT SDN BHD,FINISHED GOODS,APPAREL,NIKE,UNITED SWEETHEART,SUNGAI BAKAP,PULAU PINANG,14209,Malaysia,S ASIA,1174,667,22.00%,81.60%
"UNIVERSAL SPORTING GOODS THAILAND CO., LTD.",FINISHED GOODS,EQUIPMENT,NIKE,UNIVERSAL,NAKORNPRATHOM,CHON BURI,73110,Thailand,SE ASIA,539,462,81.00%,42.40%
"VEGA BALLS MANUFACTURING CO.,LTD.",FINISHED GOODS,EQUIPMENT,NIKE,VEGA BALL,A.MUANGSAMUTPRAKARN,SAMUT PRAKAN,10280,Thailand,SE ASIA,473,394,77.00%,0.00%
"VERTEX APPAREL CO., LTD.",FINISHED GOODS,APPAREL,NIKE,HONG SENG,WARINCHAMRAB,UBON RATCHATHANI,34190,Thailand,SE ASIA,1655,1183,80.00%,17.80%
VERTICAL KNITS S.A. DE C.V.,FINISHED GOODS - COMPONENTS,APPAREL,NIKE,VERTICAL KNITS,BACA,YUCATÁN,97450,Mexico,AMERICAS,2195,1246,43.00%,1.00%
VERTICAL KNITS S.A. DE C.V. (MDC - TIZIMIN),FINISHED GOODS,APPAREL,NIKE,VERTICAL KNITS,TIZIMIN,YUCATÁN,97702,Mexico,AMERICAS,643,528,45.00%,0.20%
"VIET HONG GARMENT EXPORT CO., LTD.",FINISHED GOODS,APPAREL,NIKE,SOUTH ISLAND,BEN TRE,BN TRE,150513490,Vietnam,SE ASIA,1984,1687,70.00%,0.00%
VIET KHANH COMPANY LIMITED,FINISHED GOODS,APPAREL,NIKE,SOUTH ISLAND,TIEN GIANG,TIN GIANG,860000,Vietnam,SE ASIA,1493,1493,68.00%,0.00%
VIET LONG HUNG GARMENT COMPANY LIMITED,FINISHED GOODS,APPAREL,NIKE,SOUTH ISLAND,GO CONG TOWN,TIN GIANG,860000,Vietnam,SE ASIA,1801,1540,78.00%,0.00%
"VIET NAM DONA GOLD LONG JOHN INTL CO., LTD.",MATERIALS,MATERIALS,NIKE,GOLD LONG JOHN,NHON TRACH DISTRICT,DONG NAI PROVINCE,61,Vietnam,SE ASIA,,,0.00%,0.00%
"VIET PAN - PACIFIC NAM DINH CO., LTD",FINISHED GOODS,APPAREL,NIKE,NO GROUP (AP),NAM DINH ,NAM ÐNH,7000,Vietnam,SE ASIA,1774,1702,94.00%,0.50%
VIET THINH GARMENT JOINT STOCK COMPANY,FINISHED GOODS,APPAREL,NIKE,SOUTH ISLAND,HO CHI MINH,THANH HÓA,84,Vietnam,SE ASIA,2614,2202,73.00%,0.00%
VIET TIEN GARMENT CORPORATION,FINISHED GOODS,APPAREL,NIKE,SOUTH ISLAND,HO CHI MINH,HO CHI MINH,7000,Vietnam,SE ASIA,2642,2526,71.00%,0.00%
VIETNAM CHINGLUH SHOES CO. LTD.,FINISHED GOODS,FOOTWEAR,NIKE,CHINGLUH,BEN LUC COUNTY,LONG AN,700000,Vietnam,SE ASIA,17371,17371,78.00%,22.20%
VIETNAM MOC BAI JOINT STOCK COMPANY,FINISHED GOODS,FOOTWEAR,NIKE,TAEKWANG,TAY NINH,TÂY NINH,80000,Vietnam,SE ASIA,11480,11305,77.00%,0.00%
VIETNAM POU SUNG CO. LTD.,FINISHED GOODS,FOOTWEAR,NIKE,POU CHEN,TRANG BOM,ÐNG NAI,76318,Vietnam,SE ASIA,18728,14775,84.00%,0.00%
VINH LONG FOOTWEAR CO LTD,FINISHED GOODS,FOOTWEAR,Converse,LAI YIH,VINH LONG PROVINCE,VINH LONG,89000,Vietnam,SE ASIA,10098,8218,78.00%,0.00%
VINH TIEN GARMENT FACTORY,FINISHED GOODS,APPAREL,NIKE,SOUTH ISLAND,VINH LONG,VINH LONG,84-070,Vietnam,SE ASIA,2104,1912,75.00%,0.00%
"VUNG TAU ORIENT CO., LTD",FINISHED GOODS,EQUIPMENT,NIKE,FENG TAY,VUNG TAU,BÀ RA - VUNG TÀU,78000,Vietnam,SE ASIA,1599,1437,73.00%,0.00%
W.S. CALCADOS LTDA.,FINISHED GOODS,FOOTWEAR,Converse,NO GROUP (FW),NOVA PETROPOLIS,RIO GRANDE DO SUL,95150-000,Brazil,AMERICAS,91,90,1.00%,1.10%
"WALT TECHNOLOGY ( CAMBODIA) CO., LTD",FINISHED GOODS,EQUIPMENT,NIKE,ZHEJIANG WALT,SIHANOUK VILLE,KRONG PREAH SIHANO,18205,Cambodia,SE ASIA,125,80,30.00%,5.00%
"WALT TECHNOLOGY GROUP CO., LTD.",FINISHED GOODS,EQUIPMENT,NIKE,ZHEJIANG WALT,HAINING,ZHEJIANG,314400,China,N ASIA,758,341,75.00%,0.00%
WALT USA LLC,FINISHED GOODS,EQUIPMENT,NIKE,ZHEJIANG WALT,N LOGAN,UTAH,84341,United States of America,AMERICAS,29,17,65.00%,0.00%
WAN WAY,FINISHED GOODS,EQUIPMENT,NIKE,NO GROUP (EQ),TAINAN,,70966,Taiwan,N ASIA,11,6,45.00%,0.00%
WELLPOWER SPORTING GOODS CO LTD,FINISHED GOODS,EQUIPMENT,NIKE,WELLPOWER,DONGGUAN,GUANGDONG,523425,China,N ASIA,1074,884,78.00%,0.00%
WINNING SPORTSWEAR CO. LTD.,FINISHED GOODS,APPAREL,NIKE,TIEN POU,TINH BINH DUONG,BÌNH DUONG,824300,Vietnam,SE ASIA,2710,1850,55.00%,0.00%
"WONJINKOLON GLOTECH CO., LTD.",FINISHED GOODS - COMPONENTS,FOOTWEAR,NIKE,NO GROUP (FW),TAM AN VILLAGE,ÐNG NAI,810000,Vietnam,SE ASIA,148,95,40.00%,3.20%
"WORLDON VIETNAM CO., LTD.",FINISHED GOODS,APPAREL,NIKE,NINGBO,HO CHI MINH,HO CHI MINH,70000,Vietnam,SE ASIA,11796,11154,92.00%,0.00%
"XIAMEN EXPANDING INDUSTRIAL CO., LTD",FINISHED GOODS,APPAREL,NIKE,NO GROUP (AP),XIAMEN,FUJIAN,361000,China,N ASIA,76,74,66.00%,0.00%
"XINCHANG SHOES CO.,LTD",FINISHED GOODS - COMPONENTS,FOOTWEAR,NIKE,DEAN SHOES,XINNING,GUANGDONG,510000,China,N ASIA,4661,4305,86.00%,0.00%
YANCHENG XINBO GARMENTS CO LTD,FINISHED GOODS,APPAREL,Converse,DÉCOR,YANCHENG,JIANGSU,224007,China,N ASIA,184,172,82.00%,0.00%
"YANGZHOU BAOYI SHOES MANUFACTURING CO.,LTD.",FINISHED GOODS,FOOTWEAR,Converse,LAI YIH,YANG ZHOU,JIANGSU,225009,China,N ASIA,2508,2091,82.00%,0.00%
"YEGIN INDUSTRY (VIETNAM) CO., LTD",FINISHED GOODS,EQUIPMENT,NIKE,YEGIN,TAN PHUOC DISTRICT,TIN GIANG,863900,Vietnam,SE ASIA,1084,910,81.00%,0.70%
YESIM TEKSTIL SANAYI VE TICARET  A.S.,MATERIALS,MATERIALS,NIKE,YESIM,BURSA,BURSA,16580,Turkey,EMEA,,,0.00%,0.00%
YESTERWEAR,FINISHED GOODS,APPAREL,NIKE,NO GROUP (AP),LUMBERTON,NEW JERSEY,8048,United States of America,AMERICAS,72,60,60.00%,0.00%
YICHANE CO.LTD,FINISHED GOODS,EQUIPMENT,NIKE,NO GROUP (EQ),TAINAN,TAINAN,709,Taiwan,N ASIA,30,12,86.00%,0.00%
"YICHUN YISEN INDUSTRY CO., LTD",FINISHED GOODS - COMPONENTS,FOOTWEAR,NIKE,POU CHEN,YICHUN CITY,,336000,China,N ASIA,3211,2795,97.00%,3.50%
YIECHANG,FINISHED GOODS,EQUIPMENT,NIKE,NO GROUP (EQ),FENG YUAN,TAICHUNG,42084,Taiwan,N ASIA,33,25,52.00%,40.00%
"YONGZHOU KAIXIANG SHOETOWN FOOTWEAR CO., LTD. NOT A FINISHED GOODS FACILITY",FINISHED GOODS - COMPONENTS,FOOTWEAR,NIKE,SHOETOWN,YONGZHOU,HUNAN,425900,China,N ASIA,1368,1116,90.00%,0.00%
"YONGZHOU KAIXIN SHOETOWN FOOTWEAR CO., LTD.",FINISHED GOODS,FOOTWEAR,NIKE,SHOETOWN,YONG ZHOU,HUNAN,425300,China,N ASIA,725,609,92.00%,0.00%
YOU YOUNG,FINISHED GOODS - COMPONENTS,FOOTWEAR,NIKE,NO GROUP (FW),BUSAN,BUSAN GWANGYEOGSI,49432,South Korea,N ASIA,168,28,18.00%,0.00%
YOU YOUNG (KOREA),MATERIALS,MATERIALS,"NIKE, Converse",YOU YOUNG ,BUSAN,,,South Korea,N ASIA,,,0.00%,0.00%
YOU YOUNG (VIETNAM),MATERIALS,MATERIALS,NIKE,YOU YOUNG ,BEN CAT,BINH DUONG,0,Vietnam,SE ASIA,,,0.00%,0.00%
"YOUNG POONG TEXTILE CO., LTD",MATERIALS,MATERIALS,NIKE,JOONGANG,BUSAN,SOUTH GYEONGSANG,604-838,South Korea,N ASIA,,,0.00%,0.00%
YOUNGIL (VIETNAM),FINISHED GOODS - COMPONENTS,FOOTWEAR,NIKE,YOUNGIL LEATHER,TAY NINH,TÂY NINH,,Vietnam,SE ASIA,1,1,1.00%,100.00%
"YRC TEXTILE CO.,LTD.",MATERIALS,MATERIALS,NIKE,YRC,KRATOOMBAN,SAMUTSAKORN,74130,Thailand,SE ASIA,,,0.00%,0.00%
"YUAN LING KNITTING INDUSTRIAL CO., LTD.",FINISHED GOODS - COMPONENTS,FOOTWEAR,NIKE,NO GROUP (AP),CHANGHUA CITY,CHANGHUA,50083,Taiwan,N ASIA,308,116,47.00%,56.00%
"YUMEI SHANTOU GARMENTS CO., LTD",FINISHED GOODS,APPAREL,NIKE,EAGLE NICE,SHANTOU,GUANGDONG,515041,China,N ASIA,2415,1716,79.00%,0.00%
"ZAO ZHUANG RUIXING SHOES CO., LTD",FINISHED GOODS - COMPONENTS,FOOTWEAR,NIKE,CHANGSHIN,ZAOZHUANG CITY,SHANDONG,250011,China,N ASIA,1617,1530,96.00%,0.00%
"ZHANGJIAGANG NEW HUAYUAN ACCESSONES CO., LTD",FINISHED GOODS,APPAREL,NIKE,NO GROUP (AP),ZHANGJIAGANG,JIANGSU,215600,China,N ASIA,91,83,85.00%,0.00%
"ZHANGJIAJIE EXCELLENCE SPORT PRODUCTS CO., LTD.",FINISHED GOODS,EQUIPMENT,NIKE,ALPUS,ZHANGJIAJIE,HUNAN,427200,China,N ASIA,279,212,97.00%,0.00%
"ZHEJIANG CLIS FASHION CO., LTD.",FINISHED GOODS,APPAREL,NIKE,NO GROUP (AP),HANGZHOU,ZHEJIANG,310012,China,N ASIA,41,21,74.00%,0.00%
ZHEJIANG GUANGTAI DELTA SOCKS CO. LTD.,FINISHED GOODS,EQUIPMENT,NIKE,DELTA,"CAOTA TOWN, ZHUJI",ZHEJIANG,311812,China,N ASIA,302,243,56.00%,0.00%
"ZHEJIANG QIAOER TINGTING GARMENT CO., LTD",FINISHED GOODS,APPAREL,NIKE,DELTA,SHANGYU CITY,ZHEJIANG,312300,China,N ASIA,1195,966,77.00%,0.00%
ZHENJIANG TUNTEX GARMENT CO LTD.,FINISHED GOODS,APPAREL,NIKE,TUNTEX,ZHENJIANG,JIANGSU,212400,China,N ASIA,493,362,95.00%,0.00%
ZHONGSHAN CITY BANFU TOWN GANG YI KNITTING FACTORY,FINISHED GOODS,EQUIPMENT,Converse,ZHONGSHAN,ZHONG SHAN CITY,GUANGDONG,528459,China,N ASIA,118,84,83.00%,0.00%
"ZHONGSHAN ZHIJIE FOOTWEAR TECHNICAL SERVICE  CO.,LTD",FINISHED GOODS,FOOTWEAR,Converse,HUALI,ZHONGSHAN,GUANGDONG,528451,China,N ASIA,494,222,75.00%,0.00%
"ZHUJI HENGTAI KNITTING & TEXTILE CO., LTD.",FINISHED GOODS,EQUIPMENT,NIKE,DELTA,ZHUJI,ZHEJIANG,311812,China,N ASIA,305,272,59.00%,0.00%